protocol,left_mode,right_mode,difference,metric,n_pairs,mean_difference,ci95_low,ci95_high
cluster,graph+identity0,graph+identity0+identity1,right_minus_left,pcc,364,0.00018069051398658984,-0.0010610614772299616,0.0014513562178871604
cluster,graph+identity0,graph+identity0+identity1,right_minus_left,spearman,364,0.0004832347671951584,-0.0016005742545610402,0.0026985410869130267
cluster,graph+identity0,graph+identity0+identity1,right_minus_left,rmse_z,364,0.001188479559770464,-0.0001505124457669349,0.002762980263467668
cluster,graph+identity0,graph+identity0+identity_p1,right_minus_left,pcc,364,-0.00018799426127174662,-0.0015312458867246439,0.001060700128031705
cluster,graph+identity0,graph+identity0+identity_p1,right_minus_left,spearman,364,0.000617058941574723,-0.0015601969656787325,0.002827517206630706
cluster,graph+identity0,graph+identity0+identity_p1,right_minus_left,rmse_z,364,0.0009172428823281346,-0.00017056248087362857,0.0022226309767504407
cluster,graph+identity0,graph+identity0+identity_upper1,right_minus_left,pcc,364,-0.00020747330680590965,-0.0014768388808121904,0.0011552739394141667
cluster,graph+identity0,graph+identity0+identity_upper1,right_minus_left,spearman,364,0.0018307775171617013,-0.00022583789485084444,0.004023653392568074
cluster,graph+identity0,graph+identity0+identity_upper1,right_minus_left,rmse_z,364,0.0009255908888485332,-0.00028544944422664154,0.002191491794056358
cluster,graph+identity0,graph+geometric0,right_minus_left,pcc,364,0.0011397505576167784,-0.0007793305501511983,0.0031609372598825763
cluster,graph+identity0,graph+geometric0,right_minus_left,spearman,364,0.0028002068604093566,0.00016356639626856437,0.005557386711488076
cluster,graph+identity0,graph+geometric0,right_minus_left,rmse_z,364,0.000381098162611787,-0.001053310659208567,0.0019386589419490895
cluster,graph+identity0,graph+geometric0+geometric1,right_minus_left,pcc,364,0.0005028482539930598,-0.0014618808094174183,0.0024787433646614476
cluster,graph+identity0,graph+geometric0+geometric1,right_minus_left,spearman,364,0.001653186561580817,-0.0009597112239073432,0.0043712129923901485
cluster,graph+identity0,graph+geometric0+geometric1,right_minus_left,rmse_z,364,0.0019630342247134113,0.00018630048235682872,0.0039025716787134614
cluster,graph+identity0,graph+geometric0+geometric_p1,right_minus_left,pcc,364,0.0005891465030035306,-0.0015512369276973036,0.002615740002719132
cluster,graph+identity0,graph+geometric0+geometric_p1,right_minus_left,spearman,364,-3.725939289255194e-05,-0.003351423131039765,0.003084588909310599
cluster,graph+identity0,graph+geometric0+geometric_p1,right_minus_left,rmse_z,364,0.0021416936552809012,0.0003831514334570602,0.004176335425849913
cluster,graph+identity0,graph+geometric0+geometric_upper1,right_minus_left,pcc,364,-0.0005528488937273876,-0.00251947135539496,0.0014117332030846126
cluster,graph+identity0,graph+geometric0+geometric_upper1,right_minus_left,spearman,364,-5.492803395178022e-07,-0.0032973625996413677,0.0030749268235707315
cluster,graph+identity0,graph+geometric0+geometric_upper1,right_minus_left,rmse_z,364,0.002484586074959887,0.0006382311225855027,0.004386945212240106
cluster,graph+identity0,graph+center0,right_minus_left,pcc,364,-0.002161787345481554,-0.004308649942782593,-0.0002523438658923025
cluster,graph+identity0,graph+center0,right_minus_left,spearman,364,-0.0028963209883430853,-0.006393318243561742,0.00044737536657927927
cluster,graph+identity0,graph+center0,right_minus_left,rmse_z,364,0.0013818371587767835,-0.00029402631130393637,0.0031464666297773653
cluster,graph+identity0,graph+center0+center1,right_minus_left,pcc,364,-0.0025632267113742373,-0.0049506942553413855,-0.00037472185075151915
cluster,graph+identity0,graph+center0+center1,right_minus_left,spearman,364,-0.002698856930663579,-0.005921555357144732,0.0007352789328108309
cluster,graph+identity0,graph+center0+center1,right_minus_left,rmse_z,364,0.003059113601325825,0.0010547396647299493,0.0050367514148940565
cluster,graph+identity0,graph+center0+center_p1,right_minus_left,pcc,364,-0.0021399805679880586,-0.004635726490049888,0.00013443748955762163
cluster,graph+identity0,graph+center0+center_p1,right_minus_left,spearman,364,-0.0011479757138177307,-0.004362092779214284,0.0018838927942139035
cluster,graph+identity0,graph+center0+center_p1,right_minus_left,rmse_z,364,0.002801054702058835,0.0008785761918657353,0.0049093910887829445
cluster,graph+identity0,graph+center0+center_upper1,right_minus_left,pcc,364,-0.0016140897741985045,-0.004016176767621648,0.0007624983484635431
cluster,graph+identity0,graph+center0+center_upper1,right_minus_left,spearman,364,-0.00019439474799653794,-0.0033628958940392062,0.003111771876455663
cluster,graph+identity0,graph+center0+center_upper1,right_minus_left,rmse_z,364,0.0021049853882332942,0.00027123202048566156,0.003973163302610708
cluster,graph+identity0+identity1,graph+identity0+identity_p1,right_minus_left,pcc,364,-0.0003686847752583364,-0.0016322978985591507,0.0009009096989949014
cluster,graph+identity0+identity1,graph+identity0+identity_p1,right_minus_left,spearman,364,0.0001338241743795644,-0.0022305399545148557,0.002485685742852537
cluster,graph+identity0+identity1,graph+identity0+identity_p1,right_minus_left,rmse_z,364,-0.00027123667744232945,-0.0012461737090844818,0.0006473457333612303
cluster,graph+identity0+identity1,graph+identity0+identity_upper1,right_minus_left,pcc,364,-0.0003881638207924995,-0.0017779123180982613,0.0010707983754000676
cluster,graph+identity0+identity1,graph+identity0+identity_upper1,right_minus_left,spearman,364,0.0013475427499665428,-0.0008245001019855853,0.0036533144574090425
cluster,graph+identity0+identity1,graph+identity0+identity_upper1,right_minus_left,rmse_z,364,-0.0002628886709219308,-0.001615774052047799,0.0009673270769128498
cluster,graph+identity0+identity1,graph+geometric0,right_minus_left,pcc,364,0.0009590600436301886,-0.0011131595725414488,0.003000055146162233
cluster,graph+identity0+identity1,graph+geometric0,right_minus_left,spearman,364,0.0023169720932141986,-0.0006523270406455249,0.005184640714785954
cluster,graph+identity0+identity1,graph+geometric0,right_minus_left,rmse_z,364,-0.000807381397158677,-0.0026062734431682505,0.0009860484588235636
cluster,graph+identity0+identity1,graph+geometric0+geometric1,right_minus_left,pcc,364,0.00032215774000647,-0.0017003656444390097,0.002307564202671414
cluster,graph+identity0+identity1,graph+geometric0+geometric1,right_minus_left,spearman,364,0.0011699517943856588,-0.00169322758418518,0.004009815006816808
cluster,graph+identity0+identity1,graph+geometric0+geometric1,right_minus_left,rmse_z,364,0.0007745546649429472,-0.0009819755349477642,0.0026586127583927152
cluster,graph+identity0+identity1,graph+geometric0+geometric_p1,right_minus_left,pcc,364,0.0004084559890169407,-0.0018236506723031517,0.00249776893013938
cluster,graph+identity0+identity1,graph+geometric0+geometric_p1,right_minus_left,spearman,364,-0.0005204941600877102,-0.0040167241020232225,0.0029536660967451325
cluster,graph+identity0+identity1,graph+geometric0+geometric_p1,right_minus_left,rmse_z,364,0.0009532140955104374,-0.0009134822716722497,0.00302020680483058
cluster,graph+identity0+identity1,graph+geometric0+geometric_upper1,right_minus_left,pcc,364,-0.0007335394077139774,-0.0026745507662376163,0.001184617806642401
cluster,graph+identity0+identity1,graph+geometric0+geometric_upper1,right_minus_left,spearman,364,-0.0004837840475346761,-0.003640055890935033,0.0025185090848387896
cluster,graph+identity0+identity1,graph+geometric0+geometric_upper1,right_minus_left,rmse_z,364,0.0012961065151894228,-0.0005060105078346997,0.0030995981487080405
cluster,graph+identity0+identity1,graph+center0,right_minus_left,pcc,364,-0.0023424778594681437,-0.004698200205876535,-0.0001272791104495804
cluster,graph+identity0+identity1,graph+center0,right_minus_left,spearman,364,-0.003379555755538244,-0.007278027224750034,0.00032508404691193463
cluster,graph+identity0+identity1,graph+center0,right_minus_left,rmse_z,364,0.00019335759900631944,-0.0018914508650986245,0.002182886809283811
cluster,graph+identity0+identity1,graph+center0+center1,right_minus_left,pcc,364,-0.0027439172253608275,-0.0052004663975851115,-0.0005300998489428412
cluster,graph+identity0+identity1,graph+center0+center1,right_minus_left,spearman,364,-0.003182091697858737,-0.006420171259598681,0.0003427641596186238
cluster,graph+identity0+identity1,graph+center0+center1,right_minus_left,rmse_z,364,0.0018706340415553609,-0.00026799634017721707,0.0038531188981598893
cluster,graph+identity0+identity1,graph+center0+center_p1,right_minus_left,pcc,364,-0.0023206710819746483,-0.004909461462598401,0.00015376873606227944
cluster,graph+identity0+identity1,graph+center0+center_p1,right_minus_left,spearman,364,-0.0016312104810128887,-0.004983575575739286,0.0018241254671607482
cluster,graph+identity0+identity1,graph+center0+center_p1,right_minus_left,rmse_z,364,0.0016125751422883705,-0.0005021461169067702,0.003643918417953567
cluster,graph+identity0+identity1,graph+center0+center_upper1,right_minus_left,pcc,364,-0.0017947802881850942,-0.004295188653699464,0.0006915594756557779
cluster,graph+identity0+identity1,graph+center0+center_upper1,right_minus_left,spearman,364,-0.000677629515191696,-0.00404567298647081,0.002555179504447709
cluster,graph+identity0+identity1,graph+center0+center_upper1,right_minus_left,rmse_z,364,0.0009165058284628302,-0.0011174574838607094,0.0027295209649227685
cluster,graph+identity0+identity_p1,graph+identity0+identity_upper1,right_minus_left,pcc,364,-1.9479045534163033e-05,-0.001170386612817955,0.0013302373071109519
cluster,graph+identity0+identity_p1,graph+identity0+identity_upper1,right_minus_left,spearman,364,0.0012137185755869784,-0.0007010830845970127,0.0032256437519280028
cluster,graph+identity0+identity_p1,graph+identity0+identity_upper1,right_minus_left,rmse_z,364,8.348006520398593e-06,-0.001161006832561808,0.0009965234472682784
cluster,graph+identity0+identity_p1,graph+geometric0,right_minus_left,pcc,364,0.0013277448188885252,-0.0007445807296595681,0.0032933116452736064
cluster,graph+identity0+identity_p1,graph+geometric0,right_minus_left,spearman,364,0.002183147918834634,-0.0006291815798315702,0.0051011539124337915
cluster,graph+identity0+identity_p1,graph+geometric0,right_minus_left,rmse_z,364,-0.0005361447197163476,-0.0022016321743824055,0.0012963594430931192
cluster,graph+identity0+identity_p1,graph+geometric0+geometric1,right_minus_left,pcc,364,0.0006908425152648065,-0.001532601552103203,0.0027680216371514434
cluster,graph+identity0+identity_p1,graph+geometric0+geometric1,right_minus_left,spearman,364,0.0010361276200060944,-0.0015708409560967786,0.0037036096014284136
cluster,graph+identity0+identity_p1,graph+geometric0+geometric1,right_minus_left,rmse_z,364,0.0010457913423852765,-0.0007824136898167753,0.002935098302215949
cluster,graph+identity0+identity_p1,graph+geometric0+geometric_p1,right_minus_left,pcc,364,0.0007771407642752771,-0.0014146669096105889,0.00279421417407825
cluster,graph+identity0+identity_p1,graph+geometric0+geometric_p1,right_minus_left,spearman,364,-0.0006543183344672746,-0.0037899758950110953,0.0024671026916299314
cluster,graph+identity0+identity_p1,graph+geometric0+geometric_p1,right_minus_left,rmse_z,364,0.0012244507729527669,-0.0005236716551988024,0.0031293240589308417
cluster,graph+identity0+identity_p1,graph+geometric0+geometric_upper1,right_minus_left,pcc,364,-0.00036485463245564104,-0.002422563965066024,0.0015627311910649344
cluster,graph+identity0+identity_p1,graph+geometric0+geometric_upper1,right_minus_left,spearman,364,-0.0006176082219142405,-0.003523219052691633,0.0021918716806974886
cluster,graph+identity0+identity_p1,graph+geometric0+geometric_upper1,right_minus_left,rmse_z,364,0.0015673431926317525,-0.0001266905154159246,0.0034038617343646617
cluster,graph+identity0+identity_p1,graph+center0,right_minus_left,pcc,364,-0.0019737930842098073,-0.004285000479384718,0.00040155498507926364
cluster,graph+identity0+identity_p1,graph+center0,right_minus_left,spearman,364,-0.0035133799299178078,-0.006869070836300704,-0.000293346500994587
cluster,graph+identity0+identity_p1,graph+center0,right_minus_left,rmse_z,364,0.0004645942764486489,-0.0015584982902952524,0.0024456206096972358
cluster,graph+identity0+identity_p1,graph+center0+center1,right_minus_left,pcc,364,-0.0023752324501024906,-0.004785166031512611,-0.00011545283272377457
cluster,graph+identity0+identity_p1,graph+center0+center1,right_minus_left,spearman,364,-0.003315915872238301,-0.006400186921914301,-3.051093062482259e-05
cluster,graph+identity0+identity_p1,graph+center0+center1,right_minus_left,rmse_z,364,0.0021418707189976905,0.00020592508134219362,0.004110643095607114
cluster,graph+identity0+identity_p1,graph+center0+center_p1,right_minus_left,pcc,364,-0.0019519863067163116,-0.0047136199594538875,0.00045908505958449123
cluster,graph+identity0+identity_p1,graph+center0+center_p1,right_minus_left,spearman,364,-0.0017650346553924532,-0.0052140633837149345,0.0015471667806363073
cluster,graph+identity0+identity_p1,graph+center0+center_p1,right_minus_left,rmse_z,364,0.0018838118197307,-0.00022824080871518686,0.003951222780608561
cluster,graph+identity0+identity_p1,graph+center0+center_upper1,right_minus_left,pcc,364,-0.001426095512926758,-0.004149756868759103,0.001326367017610749
cluster,graph+identity0+identity_p1,graph+center0+center_upper1,right_minus_left,spearman,364,-0.0008114536895712606,-0.003964521992277009,0.0023969091877950374
cluster,graph+identity0+identity_p1,graph+center0+center_upper1,right_minus_left,rmse_z,364,0.0011877425059051597,-0.0007786966639762079,0.003110774639181388
cluster,graph+identity0+identity_upper1,graph+geometric0,right_minus_left,pcc,364,0.0013472238644226882,-0.0008880633173022012,0.003477970663147488
cluster,graph+identity0+identity_upper1,graph+geometric0,right_minus_left,spearman,364,0.0009694293432476558,-0.0019215030830217821,0.003802042646224649
cluster,graph+identity0+identity_upper1,graph+geometric0,right_minus_left,rmse_z,364,-0.0005444927262367461,-0.002345929628676073,0.0013734260609392505
cluster,graph+identity0+identity_upper1,graph+geometric0+geometric1,right_minus_left,pcc,364,0.0007103215607989694,-0.0015235765892417732,0.002948983931921363
cluster,graph+identity0+identity_upper1,graph+geometric0+geometric1,right_minus_left,spearman,364,-0.00017759095558088386,-0.003120793865951987,0.0026779845098236807
cluster,graph+identity0+identity_upper1,graph+geometric0+geometric1,right_minus_left,rmse_z,364,0.0010374433358648779,-0.0009805762863929154,0.0031831840414554527
cluster,graph+identity0+identity_upper1,graph+geometric0+geometric_p1,right_minus_left,pcc,364,0.0007966198098094401,-0.0015665523287218465,0.0030373044475404593
cluster,graph+identity0+identity_upper1,graph+geometric0+geometric_p1,right_minus_left,spearman,364,-0.0018680369100542533,-0.005748032127242077,0.0017786176304625174
cluster,graph+identity0+identity_upper1,graph+geometric0+geometric_p1,right_minus_left,rmse_z,364,0.0012161027664323682,-0.0008182839121266193,0.003440717926492627
cluster,graph+identity0+identity_upper1,graph+geometric0+geometric_upper1,right_minus_left,pcc,364,-0.0003453755869214779,-0.0022559560634046855,0.001433380969158858
cluster,graph+identity0+identity_upper1,graph+geometric0+geometric_upper1,right_minus_left,spearman,364,-0.001831326797501219,-0.0050909311867223545,0.0010443400254125735
cluster,graph+identity0+identity_upper1,graph+geometric0+geometric_upper1,right_minus_left,rmse_z,364,0.0015589951861113536,-0.00026318500630367946,0.0035436442501111855
cluster,graph+identity0+identity_upper1,graph+center0,right_minus_left,pcc,364,-0.0019543140386756442,-0.004419719286720543,0.0004510237895290538
cluster,graph+identity0+identity_upper1,graph+center0,right_minus_left,spearman,364,-0.004727098505504787,-0.008442668111123944,-0.0010647951475864395
cluster,graph+identity0+identity_upper1,graph+center0,right_minus_left,rmse_z,364,0.00045624626992825027,-0.0016639301526795334,0.002578902726129118
cluster,graph+identity0+identity_upper1,graph+center0+center1,right_minus_left,pcc,364,-0.0023557534045683276,-0.004784725821326715,-6.0389319958336255e-05
cluster,graph+identity0+identity_upper1,graph+center0+center1,right_minus_left,spearman,364,-0.00452963444782528,-0.00792913000055332,-0.0009703822754720574
cluster,graph+identity0+identity_upper1,graph+center0+center1,right_minus_left,rmse_z,364,0.0021335227124772917,-7.343497168711163e-05,0.004279062387961689
cluster,graph+identity0+identity_upper1,graph+center0+center_p1,right_minus_left,pcc,364,-0.0019325072611821488,-0.004514853762380496,0.000424101502426579
cluster,graph+identity0+identity_upper1,graph+center0+center_p1,right_minus_left,spearman,364,-0.002978753230979431,-0.006524071594022974,0.0006278859656580511
cluster,graph+identity0+identity_upper1,graph+center0+center_p1,right_minus_left,rmse_z,364,0.0018754638132103014,-0.0002589024619159634,0.0040632494151531555
cluster,graph+identity0+identity_upper1,graph+center0+center_upper1,right_minus_left,pcc,364,-0.0014066164673925948,-0.003960342835415528,0.0011742865064471276
cluster,graph+identity0+identity_upper1,graph+center0+center_upper1,right_minus_left,spearman,364,-0.0020251722651582387,-0.005163402973269652,0.001161433573677031
cluster,graph+identity0+identity_upper1,graph+center0+center_upper1,right_minus_left,rmse_z,364,0.001179394499384761,-0.0008316152663024406,0.0030983927843645552
cluster,graph+geometric0,graph+geometric0+geometric1,right_minus_left,pcc,364,-0.0006369023036237186,-0.0023556446544416485,0.001037437002720336
cluster,graph+geometric0,graph+geometric0+geometric1,right_minus_left,spearman,364,-0.0011470202988285395,-0.0031952202563933453,0.0008238800357742847
cluster,graph+geometric0,graph+geometric0+geometric1,right_minus_left,rmse_z,364,0.0015819360621016241,8.005353869415562e-05,0.003125774977151127
cluster,graph+geometric0,graph+geometric0+geometric_p1,right_minus_left,pcc,364,-0.0005506040546132478,-0.0022382371331573056,0.0010385677777493118
cluster,graph+geometric0,graph+geometric0+geometric_p1,right_minus_left,spearman,364,-0.0028374662533019093,-0.0059403064067774045,-0.00016782705305867047
cluster,graph+geometric0,graph+geometric0+geometric_p1,right_minus_left,rmse_z,364,0.0017605954926691143,0.0002887008124959193,0.0033952233332833564
cluster,graph+geometric0,graph+geometric0+geometric_upper1,right_minus_left,pcc,364,-0.001692599451344166,-0.003445410271327475,-0.00017855631992119386
cluster,graph+geometric0,graph+geometric0+geometric_upper1,right_minus_left,spearman,364,-0.002800756140748875,-0.005643326039472355,-0.0003573145572991168
cluster,graph+geometric0,graph+geometric0+geometric_upper1,right_minus_left,rmse_z,364,0.0021034879123480997,0.0008567053655366922,0.0033916777747145478
cluster,graph+geometric0,graph+center0,right_minus_left,pcc,364,-0.003301537903098333,-0.005180125940156821,-0.0013106819268811148
cluster,graph+geometric0,graph+center0,right_minus_left,spearman,364,-0.005696527848752442,-0.00851619004611397,-0.0031337764548790676
cluster,graph+geometric0,graph+center0,right_minus_left,rmse_z,364,0.0010007389961649963,-0.0007396211751035957,0.0025982433747700462
cluster,graph+geometric0,graph+center0+center1,right_minus_left,pcc,364,-0.003702977268991016,-0.0061048358343537956,-0.0013060769966104383
cluster,graph+geometric0,graph+center0+center1,right_minus_left,spearman,364,-0.005499063791072936,-0.008702320197926754,-0.002563442799451091
cluster,graph+geometric0,graph+center0+center1,right_minus_left,rmse_z,364,0.0026780154387140384,0.0007749252990818919,0.004525502946496691
cluster,graph+geometric0,graph+center0+center_p1,right_minus_left,pcc,364,-0.0032797311256048374,-0.00576630770258632,-0.001064214402152989
cluster,graph+geometric0,graph+center0+center_p1,right_minus_left,spearman,364,-0.0039481825742270875,-0.006625366389065851,-0.0014212504509113334
cluster,graph+geometric0,graph+center0+center_p1,right_minus_left,rmse_z,364,0.0024199565394470474,0.0006971633335104572,0.004157134227843358
cluster,graph+geometric0,graph+center0+center_upper1,right_minus_left,pcc,364,-0.0027538403318152827,-0.005266082259167309,-0.0003038982607556998
cluster,graph+geometric0,graph+center0+center_upper1,right_minus_left,spearman,364,-0.002994601608405894,-0.005629043902301985,-0.0005150590735757918
cluster,graph+geometric0,graph+center0+center_upper1,right_minus_left,rmse_z,364,0.001723887225621507,-0.00011500870825899385,0.0033587452144548955
cluster,graph+geometric0+geometric1,graph+geometric0+geometric_p1,right_minus_left,pcc,364,8.629824901047078e-05,-0.0010581180719433053,0.0012386015957905642
cluster,graph+geometric0+geometric1,graph+geometric0+geometric_p1,right_minus_left,spearman,364,-0.001690445954473369,-0.004466307015111573,0.0009888381634458078
cluster,graph+geometric0+geometric1,graph+geometric0+geometric_p1,right_minus_left,rmse_z,364,0.00017865943056749036,-0.0007692115275640906,0.0010833311547592166
cluster,graph+geometric0+geometric1,graph+geometric0+geometric_upper1,right_minus_left,pcc,364,-0.0010556971477204472,-0.0028461679145977458,0.0007092500140013057
cluster,graph+geometric0+geometric1,graph+geometric0+geometric_upper1,right_minus_left,spearman,364,-0.0016537358419203352,-0.00450181540552361,0.0008066662000477463
cluster,graph+geometric0+geometric1,graph+geometric0+geometric_upper1,right_minus_left,rmse_z,364,0.0005215518502464757,-0.0011219182907186902,0.0020297232144859258
cluster,graph+geometric0+geometric1,graph+center0,right_minus_left,pcc,364,-0.002664635599474614,-0.00479455480824105,-0.0004897514001512313
cluster,graph+geometric0+geometric1,graph+center0,right_minus_left,spearman,364,-0.004549507549923903,-0.007296454026547184,-0.00191413083430616
cluster,graph+geometric0+geometric1,graph+center0,right_minus_left,rmse_z,364,-0.0005811970659366277,-0.0028232384405404327,0.0014548479388794618
cluster,graph+geometric0+geometric1,graph+center0+center1,right_minus_left,pcc,364,-0.0030660749653672967,-0.005209747454309242,-0.0008160487687906536
cluster,graph+geometric0+geometric1,graph+center0+center1,right_minus_left,spearman,364,-0.004352043492244396,-0.0072741097370256575,-0.0014154563940712084
cluster,graph+geometric0+geometric1,graph+center0+center1,right_minus_left,rmse_z,364,0.0010960793766124138,-0.0007906870246641518,0.0028474555152110314
cluster,graph+geometric0+geometric1,graph+center0+center_p1,right_minus_left,pcc,364,-0.002642828821981118,-0.004716516859652616,-0.0004923197105254424
cluster,graph+geometric0+geometric1,graph+center0+center_p1,right_minus_left,spearman,364,-0.0028011622753985476,-0.005548594652445281,1.0581744898942944e-05
cluster,graph+geometric0+geometric1,graph+center0+center_p1,right_minus_left,rmse_z,364,0.0008380204773454234,-0.0011499324757484452,0.0026566821027109977
cluster,graph+geometric0+geometric1,graph+center0+center_upper1,right_minus_left,pcc,364,-0.002116938028191564,-0.004438617839780781,0.00030365713057582303
cluster,graph+geometric0+geometric1,graph+center0+center_upper1,right_minus_left,spearman,364,-0.0018475813095773551,-0.004526896488206766,0.000905110995506699
cluster,graph+geometric0+geometric1,graph+center0+center_upper1,right_minus_left,rmse_z,364,0.00014195116351988312,-0.0022245885687056134,0.002173684462147181
cluster,graph+geometric0+geometric_p1,graph+geometric0+geometric_upper1,right_minus_left,pcc,364,-0.001141995396730918,-0.0029007299247974768,0.0005483425420687649
cluster,graph+geometric0+geometric_p1,graph+geometric0+geometric_upper1,right_minus_left,spearman,364,3.671011255303398e-05,-0.0022442769125547474,0.0021508450594172634
cluster,graph+geometric0+geometric_p1,graph+geometric0+geometric_upper1,right_minus_left,rmse_z,364,0.00034289241967898543,-0.0011557449586357207,0.0017284109759686565
cluster,graph+geometric0+geometric_p1,graph+center0,right_minus_left,pcc,364,-0.0027509338484850844,-0.004923252067799873,-0.0005011577921817829
cluster,graph+geometric0+geometric_p1,graph+center0,right_minus_left,spearman,364,-0.0028590615954505335,-0.00549764670308119,-0.00029449687046430523
cluster,graph+geometric0+geometric_p1,graph+center0,right_minus_left,rmse_z,364,-0.000759856496504118,-0.003089093509376374,0.0014247810213022728
cluster,graph+geometric0+geometric_p1,graph+center0+center1,right_minus_left,pcc,364,-0.0031523732143777677,-0.005218789863128883,-0.0009616744405465997
cluster,graph+geometric0+geometric_p1,graph+center0+center1,right_minus_left,spearman,364,-0.0026615975377710273,-0.005534429083736454,0.00012008623944447587
cluster,graph+geometric0+geometric_p1,graph+center0+center1,right_minus_left,rmse_z,364,0.0009174199460449234,-0.0009116026034440356,0.0025503047357512266
cluster,graph+geometric0+geometric_p1,graph+center0+center_p1,right_minus_left,pcc,364,-0.002729127070991589,-0.005019629627058811,-0.0006347821378208006
cluster,graph+geometric0+geometric_p1,graph+center0+center_p1,right_minus_left,spearman,364,-0.0011107163209251787,-0.0038297266639936373,0.0016798946435546448
cluster,graph+geometric0+geometric_p1,graph+center0+center_p1,right_minus_left,rmse_z,364,0.000659361046777933,-0.0013468016104546939,0.0025081347323460614
cluster,graph+geometric0+geometric_p1,graph+center0+center_upper1,right_minus_left,pcc,364,-0.002203236277202035,-0.004713783013371508,0.0003317367836972135
cluster,graph+geometric0+geometric_p1,graph+center0+center_upper1,right_minus_left,spearman,364,-0.00015713535510398577,-0.0027992702014937696,0.0028858438454472967
cluster,graph+geometric0+geometric_p1,graph+center0+center_upper1,right_minus_left,rmse_z,364,-3.6708267047607235e-05,-0.002338519373675176,0.001905229938080853
cluster,graph+geometric0+geometric_upper1,graph+center0,right_minus_left,pcc,364,-0.0016089384517541663,-0.0036655712242380707,0.000520139631323991
cluster,graph+geometric0+geometric_upper1,graph+center0,right_minus_left,spearman,364,-0.0028957717080035678,-0.005702464107007791,-5.61579870672301e-05
cluster,graph+geometric0+geometric_upper1,graph+center0,right_minus_left,rmse_z,364,-0.0011027489161831035,-0.0031851956312329856,0.0008645464966883474
cluster,graph+geometric0+geometric_upper1,graph+center0+center1,right_minus_left,pcc,364,-0.00201037781764685,-0.004098178175669891,6.126609971952049e-05
cluster,graph+geometric0+geometric_upper1,graph+center0+center1,right_minus_left,spearman,364,-0.002698307650324061,-0.005697886694153446,0.0004328347430822389
cluster,graph+geometric0+geometric_upper1,graph+center0+center1,right_minus_left,rmse_z,364,0.0005745275263659381,-0.0013014896222477495,0.002369721746478777
cluster,graph+geometric0+geometric_upper1,graph+center0+center_p1,right_minus_left,pcc,364,-0.001587131674260671,-0.003941541189373367,0.0006906338317466434
cluster,graph+geometric0+geometric_upper1,graph+center0+center_p1,right_minus_left,spearman,364,-0.0011474264334782127,-0.004107657030534946,0.00203439782385561
cluster,graph+geometric0+geometric_upper1,graph+center0+center_p1,right_minus_left,rmse_z,364,0.00031646862709894756,-0.0013554239885166443,0.0019469323826484296
cluster,graph+geometric0+geometric_upper1,graph+center0+center_upper1,right_minus_left,pcc,364,-0.0010612408804711168,-0.003064951852298416,0.001053662200551249
cluster,graph+geometric0+geometric_upper1,graph+center0+center_upper1,right_minus_left,spearman,364,-0.00019384546765702004,-0.00279494369942631,0.002623252362751642
cluster,graph+geometric0+geometric_upper1,graph+center0+center_upper1,right_minus_left,rmse_z,364,-0.00037960068672659265,-0.002223540594008118,0.0012480210372136098
cluster,graph+center0,graph+center0+center1,right_minus_left,pcc,364,-0.00040143936589268346,-0.0022344010491584165,0.001322479987091168
cluster,graph+center0,graph+center0+center1,right_minus_left,spearman,364,0.00019746405767950647,-0.0019374738295148421,0.0027333196149566686
cluster,graph+center0,graph+center0+center1,right_minus_left,rmse_z,364,0.0016772764425490411,6.99361891096593e-05,0.0034387533431684807
cluster,graph+center0,graph+center0+center_p1,right_minus_left,pcc,364,2.1806777493495388e-05,-0.0017545892593524809,0.0016763482603920458
cluster,graph+center0,graph+center0+center_p1,right_minus_left,spearman,364,0.0017483452745253552,-0.00031980730577859154,0.00404803205974534
cluster,graph+center0,graph+center0+center_p1,right_minus_left,rmse_z,364,0.001419217543282051,-4.127007234376092e-05,0.0031121293484843732
cluster,graph+center0,graph+center0+center_upper1,right_minus_left,pcc,364,0.0005476975712830493,-0.0010018002875958787,0.0020961245267452494
cluster,graph+center0,graph+center0+center_upper1,right_minus_left,spearman,364,0.0027019262403465472,0.000955885697499532,0.004622953872109228
cluster,graph+center0,graph+center0+center_upper1,right_minus_left,rmse_z,364,0.0007231482294565108,-0.0005407854236638741,0.0020255508750402144
cluster,graph+center0+center1,graph+center0+center_p1,right_minus_left,pcc,364,0.0004232461433861789,-0.0012842473911250764,0.0020776686038424365
cluster,graph+center0+center1,graph+center0+center_p1,right_minus_left,spearman,364,0.0015508812168458484,-0.00044096009386192513,0.00374945855513481
cluster,graph+center0+center1,graph+center0+center_p1,right_minus_left,rmse_z,364,-0.0002580588992669905,-0.0016625977470171077,0.0013031404768322611
cluster,graph+center0+center1,graph+center0+center_upper1,right_minus_left,pcc,364,0.0009491369371757328,-0.0007851562539568434,0.002765121201299137
cluster,graph+center0+center1,graph+center0+center_upper1,right_minus_left,spearman,364,0.002504462182667041,0.0005039243543629157,0.004531908869096113
cluster,graph+center0+center1,graph+center0+center_upper1,right_minus_left,rmse_z,364,-0.0009541282130925308,-0.002555513534517178,0.0005629413472545466
cluster,graph+center0+center_p1,graph+center0+center_upper1,right_minus_left,pcc,364,0.0005258907937895538,-0.0012250587911217191,0.0024239734141501385
cluster,graph+center0+center_p1,graph+center0+center_upper1,right_minus_left,spearman,364,0.0009535809658211925,-0.001393323233679062,0.003208684661202802
cluster,graph+center0+center_p1,graph+center0+center_upper1,right_minus_left,rmse_z,364,-0.0006960693138255402,-0.0021192546584805107,0.0006420578424298766
