protein_id,n_residues,seconds,cached,max_support,max_edges
1AKG,16,0.2875459000351839,False,16,55
1AIE,31,0.45996499998727813,False,22,79
1AHO,64,2.170414399995934,False,50,242
1ABA,87,2.7642018999904394,False,52,252
1BX7,51,1.0326275000115857,False,32,134
1BGF,124,4.122971200034954,False,52,268
1CYO,88,2.6302897999994457,False,51,241
1CCR,111,4.103158899990376,False,49,236
1DF4,57,0.9953154000104405,False,29,116
1ATG,231,11.71550400002161,False,68,358
1ETL,12,0.13910069997655228,False,12,39
1ETM,12,0.1453701999853365,False,12,39
1ETN,12,0.15670719998888671,False,12,36
1BYI,224,11.015054300019983,False,66,348
1EW4,106,3.3641968000447378,False,51,247
1E5K,188,8.62164250004571,False,63,329
1FF4,65,1.8271169000072405,False,46,216
1FK5,93,3.1357273000176065,False,50,237
1GK7,39,0.5421379000181332,False,17,58
1GVD,52,1.3835913999937475,False,44,209
1ES5,260,14.723648800048977,False,73,392
1GXU,88,2.6584671000018716,False,52,254
1HJE,13,0.1727009000023827,False,13,39
1I71,83,2.804878299997654,False,60,298
1IDP,441,20.373756199958734,False,61,314
1IFR,113,6.291751199983992,False,55,270
1K8U,89,2.9861743000219576,False,47,228
1GCO,1044,67.52535150002223,False,72,395
1KNG,144,5.691900500038173,False,62,322
1KR4,110,3.291087099991273,False,51,245
1KYC,15,0.21095999999670312,False,15,50
1LR7,73,1.860523299954366,False,45,212
1MF7,194,9.791146199975628,False,65,344
1N7E,95,3.1337896999903023,False,52,254
1NKD,59,1.5425641000038013,False,33,142
1NKO,122,4.504777499998454,False,58,288
1F8R,1932,112.45051170000806,False,70,373
1NLS,237,11.947444899997208,False,69,357
1NNX,93,2.929989000025671,False,51,251
1NOT,13,0.15427199995610863,False,13,41
1O06,20,0.26031280000461265,False,17,58
1KMM,1499,74.06059379997896,False,64,328
1OB4,16,0.2953080000006594,False,15,48
1OB7,16,0.2948126000119373,False,15,47
1NOA,113,4.747324599942658,False,58,297
1P9I,29,0.46772660000715405,False,17,58
1PEF,18,0.2217462999979034,False,16,54
1PEN,16,0.22370500001125038,False,16,55
1OPD,85,3.3465026000048965,False,50,247
1PMY,123,4.653112999978475,False,58,298
1PZ4,113,3.349178100004792,False,49,229
1Q9B,43,1.3773723000194877,False,41,196
1O08,221,11.261849100003019,False,68,361
1QAU,112,3.6553152999840677,False,51,247
1QTO,122,4.918058000039309,False,52,246
1R29,122,4.651587900007144,False,54,267
1RJU,36,1.2789836000301875,False,36,168
1R7J,90,3.7021550000063144,False,53,262
1RRO,108,4.732368599972688,False,48,227
1SAU,114,5.426276999991387,False,67,348
1TGR,104,3.3245434000273235,False,49,233
1U06,55,1.8651109999627806,False,48,223
1TZV,141,6.063247899990529,False,61,309
1U7I,267,12.356844699999783,False,55,273
1UHA,82,4.517452999949455,False,45,208
1UKU,102,4.715330399980303,False,48,233
1U9C,221,17.979946499981452,False,71,384
1UOY,64,3.473992499988526,False,52,258
1USE,40,0.8519577999832109,False,18,61
1ULR,87,5.152456499985419,False,54,270
1UTG,70,3.16805530001875,False,41,187
1USM,77,4.346579100005329,False,47,228
1V05,96,6.547532399999909,False,50,247
1VRZ,21,0.4594554000068456,False,21,74
1V70,105,6.6644075000076555,False,54,266
1W2L,97,3.2189284000196494,False,48,224
1WBE,204,8.141990300035104,False,55,269
1WHI,122,5.310088200028986,False,64,335
1WPA,107,3.384881000034511,False,38,170
1X3O,80,2.989313800004311,False,52,255
1XY1,16,0.15501909999875352,False,13,32
1XY2,8,0.08815959998173639,False,8,18
1Y6X,87,2.665154700051062,False,47,228
1YJO,6,0.04947560001164675,False,6,9
1YZM,46,1.0792787999962457,False,30,125
1H6V,2927,191.85866300005,False,76,414
1Z21,96,3.1714179000118747,False,53,266
1ZVA,75,1.777281699993182,False,32,138
1WLY,322,17.725245099980384,False,71,375
1ZCE,146,6.41957490000641,False,63,323
2AGK,233,15.624604400014505,False,68,358
2A50,457,26.24495860002935,False,63,327
2B0A,186,9.206530599971302,False,70,362
2BF9,36,0.8925934000289999,False,27,108
2BRF,100,4.36985930002993,False,58,303
2C71,205,11.459043299953919,False,65,339
2CE0,99,3.7041975999600254,False,54,261
2BCM,413,21.735682199941948,False,62,324
2CG7,90,2.702280300029088,False,39,176
2CWS,227,12.834528300038073,False,65,331
2COV,534,27.16592150001088,False,60,304
2AH1,939,76.19066359999124,False,72,387
2DKO,253,14.747323999996297,False,66,358
2DSX,52,2.0068734000087716,False,48,230
2DPL,565,32.55112170003122,False,65,336
2E3H,81,3.679502599989064,False,57,280
2E10,439,25.6545586999855,False,65,337
2EAQ,89,3.2816942000063136,False,49,226
2EHS,75,2.8936092000221834,False,49,235
2ERW,53,1.7525222999975085,False,45,214
2EHP,248,20.35592609999003,False,68,355
2FB6,116,5.176272400014568,False,56,280
2D5W,1214,84.8485115999938,False,66,355
1QKI,3912,228.690130700008,False,62,327
2ETX,389,28.68582149996655,False,65,330
2FG1,157,9.606664099963382,False,64,332
2FQ3,85,4.518162599997595,False,51,249
2G7O,68,2.1446561999619007,False,28,111
2G69,99,5.205367800022941,False,55,267
2GKG,122,6.873252299963497,False,67,360
2GOM,121,5.593076799996197,False,49,237
2G7S,190,9.59771569998702,False,55,269
2GXG,140,5.363484500034247,False,55,275
2GZQ,191,11.76717180002015,False,63,314
2HQK,213,12.089885199966375,False,66,332
2I24,113,6.526743699971121,False,52,258
2HYK,237,16.316044899984263,False,65,332
2IBL,108,2.8498457000241615,False,32,134
2IGD,61,2.363996699976269,False,42,204
2IP6,87,4.114030800003093,False,51,250
2FN9,560,42.80663949996233,False,71,376
2IVY,88,2.732205900014378,False,44,208
2IMF,203,10.497252399974968,False,59,303
2JKU,35,0.486428500036709,False,25,79
2JLI,100,4.60113080003066,False,62,321
2J9W,200,8.844270700006746,False,54,261
2J32,244,13.089217000000644,False,66,356
2I49,398,28.179591100022662,False,67,352
2NLS,36,1.0147782000130974,False,34,154
2JLJ,115,5.247803500038572,False,64,332
2MCM,112,4.977334499999415,False,60,312
2NUH,104,4.364845100033563,False,54,269
2OA2,132,5.725311099959072,False,55,277
2NR7,194,8.222091800009366,False,62,323
2OCT,192,7.647028399980627,False,63,325
2OL9,6,0.06882990000303835,False,6,9
2OLX,4,0.04476790002081543,False,4,5
2PKT,91,2.8136712000123225,False,54,255
2O6X,306,17.58915169996908,False,70,378
2PLT,98,3.8247946000192314,False,54,265
2OHW,256,11.631605900009163,False,62,321
2PMR,76,2.6482303999946453,False,46,221
2PPN,107,4.1394162000506185,False,59,304
2OKT,342,16.4125698999851,False,66,350
2Q4N,153,4.868919299973641,False,48,216
2PTH,193,9.359210100024939,False,65,342
2QJL,99,3.27944379998371,False,52,248
2POF,440,22.183878100011498,False,62,323
2R16,175,7.927096300001722,False,66,341
2R6Q,138,5.458858199999668,False,58,287
2RB8,93,3.1117918000090867,False,51,251
2Q52,412,19.241260700044222,False,61,314
2PSF,608,31.01391079998575,False,65,344
2RFR,154,5.509804500034079,False,53,251
2V9V,135,4.589218400011305,False,48,234
2VH7,94,3.6247525999788195,False,58,288
2VIM,104,4.010415999975521,False,60,310
2RE2,238,11.751151400036179,False,68,355
2VQ4,106,3.5904407000052743,False,54,260
2VPA,204,5.995432400028221,False,57,289
2VY8,149,5.312704199983273,False,59,297
2VYO,206,9.457689600007143,False,62,323
2W6A,117,3.1209984999732114,False,34,148
2WJ5,96,2.544367899943609,False,41,189
2VE8,515,24.81153040000936,False,59,307
2WUJ,100,4.192415600002278,False,46,226
2W2A,350,16.734383099945262,False,59,304
2WWE,111,4.652956700010691,False,48,232
2WW7,150,7.824222299968824,False,54,272
2X1Q,240,13.062890000001062,False,66,345
2X3M,166,9.550356900028419,False,59,296
2X25,168,11.258456700015813,False,61,306
2X5Y,171,10.341877900005784,False,62,318
2W1V,548,41.6374573999783,False,74,392
2Y0T,101,3.900524199998472,False,55,284
2X9Z,262,14.374181599996518,False,61,315
2Y72,170,6.483654799987562,False,53,267
2XHF,310,16.46950150001794,False,63,323
2Y9F,149,5.799297900055535,False,62,316
2Y7L,319,14.181922199961264,False,65,341
2YNY,315,13.556305000034627,False,64,332
2YLB,400,19.70998869999312,False,61,302
2ZCM,357,16.8546834999579,False,62,322
3A0M,148,6.601111399999354,False,42,193
3A7L,128,5.903590500005521,False,61,319
3AUB,116,4.189847999950871,False,51,249
2ZU1,360,21.292069200018886,False,69,370
3B5O,230,10.384501499996986,False,65,346
3BQX,139,5.039582400000654,False,50,241
3BA1,312,16.249470500042662,False,69,371
3BZQ,99,4.721322100027464,False,49,237
3BZZ,100,5.8312787000322714,False,63,318
3BED,261,21.34784000000218,False,73,395
3AMC,614,36.17488050000975,False,67,355
3E7R,40,1.1371314999996684,False,36,158
3EUR,140,5.281849200022407,False,60,308
3E5T,228,9.120369000011124,False,64,329
3DWV,325,15.985060099978,False,61,318
3F2Z,149,5.953801599971484,False,58,280
3FCN,158,5.5003702999674715,False,60,310
3FE7,91,3.2832426999812014,False,51,245
3FMY,66,2.2009803999681026,False,44,213
3F7E,254,11.469675500004087,False,65,334
3FOD,48,0.7466651999857277,False,25,89
3DRF,547,29.990626799990423,False,66,347
3FVA,6,0.05724809999810532,False,6,9
3FKE,250,9.651653999986593,False,59,304
3FSO,221,8.771419500000775,False,55,272
3FTD,240,10.267319699982181,False,64,335
3GBW,161,7.267952100024559,False,66,343
3GHJ,116,3.7402560000191443,False,47,225
3HFO,197,8.535729399998672,False,58,289
3HNY,156,7.706282099999953,False,71,379
3G1S,418,23.457744700019248,False,64,337
3HYD,7,0.06723109999438748,False,7,11
3HWU,144,5.00804619997507,False,56,283
3HP4,183,8.739441099984106,False,68,361
3I2V,124,4.6169010999728926,False,56,292
3HZ8,192,8.563840500020888,False,66,339
3I2Z,138,5.990652900014538,False,59,283
3I4O,135,5.670511600037571,False,54,270
3I7M,134,5.006412199989427,False,61,316
3IHS,169,6.607672500016633,False,52,258
3IVV,149,5.451677499979269,False,66,347
3KBE,140,5.480778400029521,False,65,332
3KGK,190,7.169862800044939,False,55,278
3KZD,85,2.668842200015206,False,51,247
3K6Y,227,12.133816800022032,False,71,376
3LAA,169,5.517282899993006,False,46,209
3LAX,106,4.2804559000069275,False,52,256
3L41,220,11.597135499992874,False,65,343
3LJI,272,14.811610599979758,False,74,405
3M3P,249,11.18080720002763,False,66,344
3M8J,178,6.169132300012279,False,56,274
3M9J,210,9.881027300027199,False,63,325
3M9Q,176,6.38191460003145,False,50,237
3MD4,12,0.12219780002487823,False,12,33
3MD5,12,0.10549709998304024,False,12,27
3MAB,173,6.78222240001196,False,61,311
3MEA,166,7.290535099979024,False,62,322
3HHP,1234,80.62485389999347,False,71,383
3LG3,833,45.145222300023306,False,71,385
3MGN,348,15.774542999977712,False,52,266
3NGG,94,3.7584410999552347,False,43,206
3MRE,383,20.499265199992806,False,58,295
3NVG,6,0.06759940000483766,False,6,10
3NZL,73,2.5093304000329226,False,47,227
3NE0,208,13.961347699980251,False,72,390
3N11,325,21.23186529998202,False,65,337
3O5P,128,4.700316400034353,False,60,299
3OBQ,150,5.299639699980617,False,53,259
3O0P,194,9.43958050000947,False,68,357
3P6J,125,7.940487300045788,False,62,314
3OQY,234,13.60452009999426,False,53,263
3PD7,188,10.591987700026948,False,57,281
3PES,165,6.072244400042109,False,47,225
3PIW,154,7.022578900039662,False,58,288
3PSM,94,3.3183361000264995,False,49,231
3NPV,495,36.34252300002845,False,70,366
3PKV,221,10.679383200011216,False,60,301
3PID,387,19.74026569997659,False,68,346
3PZZ,12,0.17294829996535555,False,12,36
3Q2X,6,0.06972109997877851,False,6,9
3Q6L,131,4.504473900015,False,43,190
3PVE,347,18.503231999988202,False,68,356
3PZ9,357,19.55616460001329,False,64,333
3PTL,289,23.42283520003548,False,79,434
3QDS,284,12.10662889998639,False,68,361
3R87,132,4.454611700028181,False,53,259
3RQ9,162,5.838577200018335,False,58,296
3QPA,197,12.849566599994432,False,71,386
3R6D,221,11.780668499995954,False,64,345
3RY0,128,4.322857699997257,False,54,266
3SD2,86,2.391275600006338,False,45,212
3RZY,139,4.426214100036304,False,43,194
3S0A,119,4.580363000044599,False,59,296
3SED,124,4.36558410001453,False,52,243
3SEB,238,10.58688970003277,False,64,336
3SO6,150,8.115063900011592,False,69,359
3SUK,248,14.69887269998435,False,66,341
3T0H,208,10.40794950001873,False,62,320
3T3K,122,4.305904200009536,False,54,262
3T47,141,6.269163699995261,False,48,231
3TOW,152,6.000475899956655,False,58,295
3TUA,210,9.627042500011157,False,64,338
3TDN,357,19.79307620000327,False,63,324
3SR3,637,41.617136500019114,False,69,361
3TYS,75,1.9384602999780327,False,42,192
3UCI,72,2.0372924000257626,False,38,169
3U97,77,2.5299676000140607,False,50,247
3SZH,697,42.554888600017875,False,67,353
3V1A,48,1.4465187000459991,False,31,132
3US6,148,6.305392000009306,False,51,251
3U6G,248,15.072598800004926,False,70,381
3VN0,193,6.303261099965312,False,43,186
3VUB,101,4.523763199977111,False,56,280
3VVV,108,4.127851400000509,False,57,274
3VOR,182,11.303122400015127,False,68,362
3V75,285,18.682186000049114,False,68,367
3VZ9,163,6.696555500035174,False,60,296
3ZBD,213,9.269545099989045,False,62,320
3ZIT,152,6.707766300009098,False,59,300
3UR8,637,39.15034759999253,False,64,331
3ZSL,138,5.7410788999986835,False,54,261
3ZZP,74,2.456981699971948,False,44,207
3ZRX,221,10.560047500010114,False,61,318
4A02,166,8.179415800026618,False,67,349
3ZZY,226,9.908581399999093,False,62,312
4ACJ,167,8.335993900022004,False,64,334
4AE7,186,9.528471400029957,False,63,321
4ANN,176,9.182402800011914,False,58,289
4AXY,54,2.2601568999816664,False,28,118
4AVR,188,13.488785900000948,False,68,352
4AM1,345,22.60762770002475,False,65,336
3W4Q,773,55.90256820002105,False,73,395
4B9G,292,14.747658099979162,False,58,291
4DND,95,3.1426947999862023,False,43,202
4DPZ,109,5.067590599996038,False,60,309
4DKN,423,21.77180300001055,False,65,337
4B6G,558,39.68539610004518,False,69,367
4DD5,387,32.69801890000235,False,77,418
4DT4,160,7.0140552000375465,False,48,229
4ES1,95,3.487632400006987,False,46,219
4DQ7,328,21.212325900036376,False,62,319
4EK3,287,18.51739799999632,False,62,319
4EUG,225,15.54486939997878,False,62,317
4F3J,143,8.445855700003449,False,62,321
4G14,15,0.2897976999520324,False,15,47
4FR9,141,7.319151699950453,False,58,292
4ERY,318,29.315742200007662,False,71,379
4G2E,151,8.495202199963387,False,64,333
4F01,448,27.52605190000031,False,61,312
4G7X,194,11.797099100018386,False,60,304
4GA2,144,9.377004000009038,False,52,257
4GMQ,92,5.93772159999935,False,51,250
4GS3,90,4.796307599986903,False,53,253
4H89,168,10.9628363000229,False,57,298
4H4J,236,17.152039299951866,False,69,360
4HDE,168,10.479060899990145,False,64,323
4G5X,550,50.35446369997226,False,71,380
4HWM,117,7.040570500015747,False,60,306
4IL7,85,4.2749325999757275,False,50,242
4HJP,281,19.32895130000543,False,67,353
4G6C,658,62.02104459999828,False,71,378
4J5O,220,12.07437700004084,False,63,324
4J5Q,146,7.582125000015367,False,66,342
4J11,357,18.806450700038113,False,57,287
4JG2,185,8.77301909995731,False,63,314
4JVU,207,11.037883700046223,False,58,300
4KEF,133,6.267853099969216,False,61,322
5CYT,103,3.882903499994427,False,47,222
6RXN,45,1.1129075000062585,False,38,172
4J78,305,20.804747799993493,False,67,338
4JYP,534,27.86716049996903,False,68,357
