protein_id,n_residues,max_support,hash,stratum
1OB4,5,4,901c05c99dd665b4a06778197631e9dbd9ce47048d947a11403ebcf1be7fecde,0
1OB7,5,4,ba3e64de87329b2ac2730fd92148da9922ae7d7559e943eb13d9d94f33881123,0
2OLX,4,4,b0837f8f5f8986e31175651dd7c07c58f2292e2389db991acb86fcf1f222f670,0
4G14,5,5,b953a9a2a41295a8f645c919100879397a262a50115a1949d784b4a6c1b0a0bb,0
1YJO,6,6,66aee33792e4620281680384b5dbff3b1cb4243fa673c80ee1f243d2d702638c,0
2OL9,6,6,2f6edd68b9aef57a4430dd3e2fdc02d1c4ca2adb341364074732e8d1ca386aa6,0
3FVA,6,6,4bfb89e3bf68f626a082857d3c5a855f4d2bec7fa1605d1a6ffa3aaca28ee247,0
3NVG,6,6,f466091aafaf53cfc7c904478052197831b997114a5d27278b73522398d00498,0
3Q2X,6,6,4d7e97e491af19e87abc7a9e8e2f6f73b226b610b2f90b8050d8c014fa0c8deb,0
3HYD,7,7,3b9473ee2d3d50c736ae796be5017f482d8a1280b8e797bf619597c313e8131b,0
1XY2,8,8,0b95acdc8246b44d8eb0458026d739205ea5cd6df29fa3150fc172c2d1e5624a,0
1ETL,12,12,9c29c02b845d006475b53058b3f034d1be50becc98e2447d101607d4b87c33e6,0
1ETM,12,12,a7706176d713c06f1a2a6670ece38d6b94157df85523f3e73c3bae6815206280,0
1ETN,12,12,f27de6516ed66484ccb19dfb5b391fdb76cb6522be2d324ad583382f318d6df5,0
3MD4,12,12,d6a374a83bfc76d2857fc69c506a3cbf4c3f3adbcc77b704c0e408689fcd9014,0
3MD5,12,12,d13ce8288a14272a4ae638f86c020bca04c67b1cdf7e9d425bacb59036c37f15,0
3PZZ,12,12,7b00e1ecfc03c92d93a44907ec2f0424c50407fdffcd3108c25693205971a2f2,0
1HJE,13,13,e871424aef73e845b5b7ea94bd8091694e95429b8801a4266827797b008ac3b4,0
1NOT,13,13,efd551ed3fb77c31ce0c55b0e77407bc12cab3ea46ccd89f9b0bfeb2efc5cf04,0
1VRZ,13,13,401981f7860f11f6916e5cf0fe2a4496951a1d9b96d77e7bed55ba7afaa90606,0
1XY1,16,13,168d8dcca20e1a61d9c092290d0b3b0e08df83abd98edc93afbde45bedc10a7b,0
1KYC,15,15,c1f681da061275124ea01239a46ad478d4ad22e3e598a130254f1d8e3f6b41fa,0
1AKG,16,16,2c6e6578ad47ba0452ad3c58a8cf58af2180605fa9a99fd42745ad85fe986735,0
1PEF,18,16,351210820ebc151ec67229eaa3dceb584f5eadde4512ee1e76e9ea5fa54afef8,0
1PEN,16,16,f1d246d7b70e006be2f7227d2d90670bce7e9eb1c85d5905e89bce10b440f1a2,0
1GK7,39,17,dbe8fab967bb6e9fc7d35a12b11fdd3fcdb7a55d1c21fdb98c5f0c32b504084f,0
1O06,20,17,f63bc86f80ac62108bc1557181088fd9330bf3b508b9e44bacfd6a9107db2175,0
1P9I,29,17,23190d26126fb412f4e263374a4a2760d549fc5a7e272f7694a6f8a89d6aa300,0
1USE,40,18,dc32d63ff7a2541d17afbd020b6bedb450c40efa63108b3b2131716b262fa85a,0
1AIE,31,22,4dc7106b24766e16f768f669edd72a40ed7cfe9be28ca3d22e728b27460d0b92,0
2JKU,35,25,cc4979423a72d98b04eb4640c1742bb5e7fa2e01508d56722ace8ee16f8266d1,0
3FOD,48,25,3580af1407376c9adca6b11f963b7c05586b02f0f260f3121bd76acfcd376d99,0
2BF9,35,26,58c9fcb0d2b0c85d946ed7de76e6938a1fc1bb4e577616a81b58773acdca2765,0
2G7O,68,28,27d905c468405370b8e4c1366eb30fa42f251777eaa71eb4497b0104771fe56a,0
4AXY,54,28,80cb10e973dfbfeb5675cf3751f06aa2e5918530bb0ef729914daa9d0bd59bc3,0
1DF4,57,29,19c38969244f66345c409e0f054e0d09a2e6aaf8967689276628ac023df80bc7,0
1YZM,46,30,12d6b331b71cd970f9ef71e9d600e40f1f6cc9c93ebcbc87bc6953460c1721b5,0
3V1A,48,31,04e874ab13b41474b9519d22cb849d990d90db89b354b9839f4697b7acc6c704,0
1BX7,51,32,304fe56ea37072c996abcd6e578592f7a5a482a4b6039c6bbb8952d4e397894c,0
1ZVA,75,32,6153de37099aa1e321f44d7508cf737764d6a00420e4a60863cd25df4a58b132,0
2IBL,108,32,b607b2ccbe611b52a1ef656152187ad282dad64b969a9fc892c26192e435ad75,0
1NKD,59,33,2c855638dcdcd7e6a5d1138b5d59ba42056262e2deeedb8e80370b9b8ea45a87,0
2NLS,36,34,40e69bc29c34f5938d786c97daf34ad11f40b063516c4c37da4ab30a3fdd417d,0
2W6A,117,34,dcad6ad568e08f7364e55b88981ee6c83b4b85f373d21d1a59a994be608eab83,0
1RJU,36,36,76440fa8f7953885dbdeecfd9c810ad7e154635774ba2d4a831df94f48a96724,0
3E7R,40,36,1617af67cb6a1803ab9f92e267615561bcbb59de4c1134cd8c38d262e378b416,0
1WPA,107,38,75f53e150bc1a33a81fbad69a62db17944fe6430805c75cc400b156e2ed9170d,0
3UCI,72,38,13a1e5a22d27bf9423e2f777769d9b3d095099f61e8337ac66873f835cda2d9a,0
6RXN,45,38,a2312834697b5e522e8274b0393622d492c22e74ea5981583deb3ebdb788bad0,0
2CG7,90,39,be9e751391dee9f45c9df51c9d66e7b2de47d9b85f6f4dd042bc17ca02853715,0
1Q9B,43,41,f50f9b9f0953078b753e09358a044e62dc488262ba50c931aaddab2cdc5f38d6,0
1UTG,70,41,d5be4f3ebf1592548acccc2794df643f0d5ddd0dd6e7b4448064c3b9c02d7802,0
2WJ5,96,41,24a1e4bf56dd0e2ec01974c18108ffb38495c73a1f85926fe4c7a6ca7d46a4bf,0
3A0M,142,41,e7d73b37bd78aa2aa2d722e7def3865aebdf7373bbf3a7180626714a494c4f37,0
3MGN,272,41,37a22b5b20aa127ad63f3c6519ff68f2b6b3c1430b9825016ee891654dbdbae1,0
2IGD,61,42,16e2ba0964f12890af3ee0733fce02dffdba49c11d519ad1914362f57b3b58d2,0
3TYS,75,42,4c4993f0f1aba4fce53d1189da44bfe9fe4f1a089609d54baf98e5ed382a62ee,0
3NGG,94,43,c032b880f1ff679e5b2edc6c47ccf6b388e4f2fec5ef7587415840d8f56e8d36,0
3Q6L,131,43,67468b61d195c5df24db5aeed9292cd5bc79ebfe03eb878b167821461a4f84d2,0
3RZY,139,43,c48b84edf7cfcc5df597e09774d0c21b4ca2a5fa901e87e44bbc0ee1ee1f6232,0
3VN0,193,43,681eff6b20f146f8ef001cb9ef234eec8a3847c65698d445d9ff149c953828fe,0
4DND,95,43,1f1cd65ec2aa8f319fd5452ac50eb33d71036e05ec65a8cc5ea1c01e3a8d1e3a,0
1GVD,52,44,baeaf89be320346fe30f1c26a21cc45a14793f6d5b8507346ad22ec2ca4ebaec,0
2IVY,88,44,5affa3df4fc51fccc4cda45d1260fe5f5549234301dc13fd801ad7483607e5f1,0
3FMY,65,44,af34db960e4251d2ca0034c479390b4ae32cf640cadac630a9b2c41593ea4915,0
3ZZP,74,44,8300839b420347b740097eddf2b8fedcaf8c9e57a617b221361ecf06c98792bc,0
1LR7,73,45,8b38c29fb7c0a8a0457e297a04cd698d373a0ecfe4d1c8dce393598701719190,0
1UHA,82,45,c9fd96ae2df65f84ed2ddc95acce7a10dd0eb390617375c63ef1e46529705b1e,0
2ERW,53,45,eaff4050ba17bb6bc28bbc33850bf05e52f0ac02c01ffb06aaa56330a2371f06,0
3SD2,86,45,c08a49529f5feb0426c01b4c3a3a9f8f830648ea7cdf7d8ab915d50ba60ed6b9,0
1FF4,65,46,9776a026b6b239d35965744f207d6831e4ea5780f834af8d7a7d6f0e7fcdacc1,0
2PMR,76,46,f1291f711ed0e33bf02ae2eaffa51cf89cf46878da9195af51685f1d0ac38dbe,0
2WUJ,100,46,01721e8a8bab66ccb3a72173b3b59ae80f0383c4ad9dccf9c4385618c697d00a,0
3LAA,169,46,d7471f4cae51cc69814ab26dc08d3b42760b678f3d4d527abd89f7217a759ae1,0
4ES1,95,46,5e2366608604b50524286f6bf78685c46713daa51e5135b1051509ce7ddf33c7,0
1K8U,89,47,d3d954822f4a6471356a6d2bfdd2d68d0b60d278d2c0045f7483bed9541ae17e,0
1USM,77,47,c07ec33e237d26702012c18438f6af381a4acd37978d308540b3555e321bca85,0
1Y6X,87,47,ee3cac8aee09fbfc1bee773fc2f6c568254b90247c8639a71bd0578edb3d8e3a,0
3GHJ,116,47,b71efc2b0a10034c7f0fee80485f236300f56188d5d39c271f2020ffc768f185,0
3NZL,73,47,88f639afa9054734b3d3299b242a3f8b48b22f6f7892d0b28397cd9dcc32af5d,0
3PES,165,47,c1f71a65103bdd9eb3e4ba28707b53d2feee1ba5596c5c488158896e69552a4b,0
5CYT,103,47,9b044cddbaaa89911d2dd0ec73d8e50c111a14a6d1ef17db120d779bd889821d,0
1RRO,108,48,72e5a46bd66672573f48c5175f051de47d76226a8f1d89ab825928acc44e7202,0
1U06,55,48,2e639e91bd66527f959afa1defa6ce6350722119ae350d660e561116abddcace,0
1UKU,102,48,f743da00e1c81ebf7325f9b48e0ca15e4d1e1cb408f7a808f1b500afb5b91ff0,0
1W2L,97,48,f75b0441c2f50ce4ac3552ff77ee101e5aade1e7de77a19187fe5a3b358214a3,0
2DSX,52,48,672b68c08e8e32e8a94e280d4822c8346ddcd0ac4ebfb8b4ff00d6fd11b81f0c,0
2Q4N,153,48,74d709be9ac866bc196e969994680613b7b3a7f76eb6517ab3e031fd04521e23,0
2V9V,135,48,62e537377c7ceb76dad97820a50746b4c9932142c820c0c4b17d9c259ce08785,0
2WWE,111,48,1bdf116f579357f53226faad91f1baeb1267dc2502985ba5926187b3a1a8fc23,0
3T47,141,48,017488ee71dbf101d28462fccec629f8e011a175800487c6a46382f665947c16,0
4DT4,160,48,2274d8867c913c5a81cebce4458483856d62c8f5f90ae8da4a30be4dbafa7007,0
1CCR,109,49,9143e3c619a4d4cf330ec4b8757194c43b066258adb26d3700782b9e406c8dcd,0
1PZ4,113,49,56293c3afa2f63b97f767847ff8e6f75e32dd855d1f6032995d5e464d98f7af3,0
1TGR,104,49,136f0202252389d6c752b09bcb77c422616358b33a8f2c54fbd56ca7ed0b4db5,0
2EAQ,89,49,25e9892b64a82fae95a21d723113728a7bd190eb42f1b438ca28518344a76f1e,0
2EHS,75,49,2c26463071dc22e41109705b7c10465d6c0e8fae37bd439dd4ea67f9995316fb,0
2GOM,121,49,8f94b81abe4cc5c84671f148dd568b8817f874431f32de6ff9da7a40001f7ad7,0
2WW7,132,49,7fd9d2a36812108bd132b63c383357003ab5744868ab8a8a59284337253eab6d,0
3BZQ,99,49,77d156aa0cd64eda83276a0f140ab854897366135236dea9968108989d0b3d60,0
3PSM,94,49,48bd9544f62e2b24bf07604bde270834e1ad64c7e84994c241840892ae5dc924,0
1AHO,64,50,93342062609308b94ae6c1533dc24bd9f6994ae91fbc375b9a1f03a19055549f,0
1FK5,93,50,bf4854d07add01c1d3fbf1dc131da05df5ea4a74b243d03010cbc36cb3b40fcb,0
1OPD,85,50,e94e17ebbef9277338799bac13040c55d0639c1452405c1427d5ea736b8d251f,0
1V05,96,50,b83b3f5ca9f52d066a23420ae788356bde783077b789252650673be05fcc9466,0
3BQX,139,50,1b620049624471d2327b003d10cf61a00ec9d7de769813ac86d7c96cf3069b44,0
3M9Q,176,50,98d56f12ae7d25de93be3ec78b99b929c51a8f67227362693c33743bff18d94f,0
3U97,77,50,e2b0ce53a5bd59cfd149275d5f4fae664fe321bb909ab8e7c211daa4cdbcc638,0
4IL7,85,50,f985c204917261629d1d21747fe4aeb1be09f6732d9fb89f7028af30d66ea200,0
1CYO,88,51,4271e8868de0e8860b4c6f62efc9e206029a10b61756d67deb82c4de0f5bdfbd,0
1EW4,106,51,b29fe481690752bfffaa4b788c2fcd31ba526715bfbd86fd3b7453a371421f40,0
1KR4,110,51,036a3ab7b2ec4e35334e7899bf22fe78807ac09da41aaabe9b70208f7b7884ef,0
1NNX,93,51,fda379bcabc56b0ca4dd8aeb42b26650d413bd162e9fa553c3a0f8ee1f4ec895,0
1QAU,112,51,021ce1bcbd4e1fff58bd3a3ee294f83b18a00388f29b97c0f37e9717b378523d,0
2FQ3,85,51,59c25052345e4a8d918363935f3327df7de5d1c1fdf4c3e46bcce897bc38d8e0,0
2IP6,87,51,1bfae7774ef190feb69b6d89d493de0241fe8d041fa39e0a9b6b589ce18f812a,0
2RB8,93,51,faa7a81d5f2a4f349694ae3d35dd11e4da1f670494f6c208594fbdeac9258823,0
3AUB,116,51,e1bdc67531f4dc2afd1c4af81c1932224264ced3f9eb5d079de7a25dd1183bc6,0
3FE7,88,51,403b83a31510da01e70e89ad5716f98d757c5baf056648c094a0c1c1190d452d,0
3KZD,85,51,459775deb4c8c3e43aaf03f79016f89853cbd2c957e77071d9cedbaa6f0504c1,0
3US6,148,51,9952c90fbea161e2317415684346753f3a0180c57deb709ff434367450a314f5,0
4GMQ,92,51,8bbba4e07914c0cfde56c58fa81abbbc617412e1d0a651a1986bc55e456ba0de,0
1ABA,87,52,a985e0351c5658181c98291525916770febf7ce7f20df1ad43a76828a85eb3b9,1
1BGF,124,52,099683b1629b349479ae6fd94eb39096ab3104f46a2cce7a55faa7e7a0b86bf5,1
1GXU,88,52,d8464a35a60474d4d96927db412718e8440df7d5e25f5873538ce2733d1a0722,1
1N7E,95,52,ea135bc19c1d2fe4cca0ea302acd9d1ef2748466a108916161deba4db9ddcfae,1
1QTO,122,52,e4ef56fd3673173dab2cd65a459d7ae4032f1458774e40dd3b2e9df983e1ff5f,1
1UOY,64,52,afa7e92632d485d1557428cefebef86422cb7cf5aa896c972fe703dc1858cb9f,1
1X3O,80,52,3170bfd072759d582edd09110502ac6305cfd132f650ed12362e8ae223898ba9,1
2I24,113,52,8af24376103f247a158275587d1c8f3cbfe24fe100829eb3a57fd7fa112391c6,1
2QJL,99,52,5c0026b222af6d4ee868d4a1cdc201055448fd08c655fedf3e9abc626748c54c,1
3IHS,169,52,b547d0dda3a13fdac7324c13c4691ae1f2fbc275dfa1a6d1daee197a9d722822,1
3LAX,106,52,72cdc523b1a4a432a510c84c6d51b35bcfbee32a3ad3e6d0293df24db575b8be,1
3OQY,232,52,e0eb1526e98257021e9417e5d98c9c0e082ec8408be16f3e6687441de39931d2,1
3SED,124,52,245a3fff2c571111fffdc0b25396e60e43b99212ae86d2a9be19b56dcf0009c1,1
4GA2,144,52,10b5b1d20511e2b606e0d5e5041f8b002c26eb51bcdbf4689c87b9bb4c81eb77,1
1R7J,90,53,632079cc3e1f89229976f977660e837a7b3aa7da68343a48d3d7d628208986e9,1
1Z21,96,53,75a1dbd25d8e00682f025949d3aeb96c5b65da7f975f42d038766fd6e6906be7,1
2RFR,154,53,14600948e4e379d0c7cadab49cec5e335290bd7a61d6bc0c696d46110591f0d5,1
2Y72,170,53,0720e0dad9bc1ba8584485ec9c3884b0c32440f517f98e249f8ceee2d69bd6cd,1
3OBQ,150,53,b15391d201227ef7756a28676354ef46db8a09c7bfdd9c763a1cbc43565ea5c8,1
3R87,132,53,0a0ac8f6ab7a7a8a50ccbcc5aa446a1c267db6bf0e252eeee7192089e54aa431,1
4GS3,90,53,e0fe099d6a2fcd7a02f05110b043d172149356446856176311ad04a16edb71df,1
1R29,122,54,deb0a6b3dcd0e3453a2fe65afb6092f15a3e3e26c0d268094d4d2e6b8577e97f,1
1ULR,87,54,54ee89e60accd915de156fa825c7bbb004f0f9fc0981b6de2ed1b14645736c4e,1
1V70,105,54,3e99c2b80f742731e5379b69ff1e4a8a35cb31a0b96a5f6bee28a39ba5a46fbe,1
2CE0,99,54,a0b92d97176f37cef9154df91ec641f8392cb78c2f445a171eb5c2800a982cd4,1
2J9W,200,54,cff39a33eee325a9e640649f9d8320b3d350f4f835d5789c05865e9ae5fcc87c,1
2NUH,104,54,015af755391c93244b680c8d75a3d21db896e81351eb2711f2e165e64182c7d6,1
2PKT,91,54,b11cfb17e11569c15b02db0f522f1bda9b9763ea79db3e341a062cd68c465500,1
2PLT,98,54,1d51a0482a00dcaadaa99ad849676173a8c4e53b9170b45f42fe4793e14ef105,1
2VQ4,106,54,a11cddbd97d70276dd7629a61e29819cdb7ce7cae31364d4960ae33c9cfbefdf,1
3I4O,135,54,169e17dc75a24f91e93aa4a012497deb091a1ecbd6f07af5699038e026d5d14d,1
3RY0,128,54,2623c2745e7ed1806d8af4c6ae91adb06a43eb05531618654c208bfca45c45de,1
3T3K,122,54,a98e79225f091c41a07605bceae3f2484fe076319b99dd84fc2f32eb8b147d56,1
3ZSL,138,54,3900ffb939129b4a4df5919f624b73cae8165fca42bab4c1ac8a2d6904fbf127,1
1IFR,113,55,c3ec2dd4841732685397c721c4360d8d75aef075a35386622a604bd04d2e4031,1
1U7I,267,55,ee8aa76e293f6f3e62bdfc71fa4c5d16844fb493e85c03bb7c57ad69f384bbcc,1
1WBE,204,55,917928aa17cb28d585ad61cb8e59dd85bab8bbac4ea8e3fa850d890698a92a4d,1
2G69,99,55,6c61df9f1de33178d1533a894ce897f3b2aca382aee02488c66e1ce8ccd464df,1
2G7S,190,55,70f6c6a3e509f872ce1ffafa001e34011b69efdc9cd7a39ee0f15f6a6b8dd1f7,1
2GXG,140,55,93591b7cb787697f654c5b4cfe45f5476085d34c500cd40298e780a677cac409,1
2OA2,132,55,4c699407dde32831d6132bad71e5945a48cd29f7f2c8f350d92d2491f4196080,1
2Y0T,101,55,0c9b9b0e09d26127d5df14f86d1dbd0eebf4b832e1baf2fb334f96cd43edeb07,1
3FSO,221,55,7097be2692f3d0f8197bf9c298631ce1a4efe294ba25e6fc2bacaf9d3017f4c6,1
3KGK,190,55,243ec83d5db0a1a3ba45e9be8bc23e21f28639d0b320bff9ba51adf9115c6174,1
2FB6,116,56,5a8e8eaca38722949ddc64b089e50c93a7a29e4ad3c34a3f73571d21675bb1ef,1
3HWU,144,56,884316ca3ef9ed662f53e12db38d0f0314d68d4f1ee592a052b9d710fad59bdb,1
3I2V,124,56,762252b59cc74d74da5266dff571c65095957899676547bcfe977402f34e2ef5,1
3M8J,178,56,1b720d4135c2f3f345bac1b85229fa40e6dfe5220fe638e3baad7a65898e9e57,1
3VUB,101,56,bdec0f352dfcfef085f3e7579b6a2c9df2cd9bd9c0808c931a91988e5a8bdcf6,1
4FR9,133,56,3c1c5842bfa4f0150273b4c86523a381ed68968414dd635f2711021e083c229d,1
2E3H,81,57,675ac4a2874f4b3d0fcdf6fac0222bc556823f457234fe8defb0b0d95bd892b3,1
2VPA,204,57,6aac3ce5d7abc8389e6af21a6ee4c985f7ae4fb09210d8a64585d43de7db58bd,1
3PD7,188,57,19bd80700a50677ef1570095b54b28edb716e1a9dae01532c5a61028d3023779,1
3VVV,108,57,06f8059936bcf00635c5906bf27d830f9058508ab23513b48061f151ef84f656,1
4H89,168,57,4a948df2b71ace76edbf94f61ecf6f1e74301a7b25ed6b692fc7f4c6fb16f968,1
4J11,357,57,83c9ccb914668e00e2adf539c4b9bbfe25226fac6e02e74004f6e36dd62e5632,1
1NKO,122,58,60337635777fec11362091d67eb7bf0d4995191dfe0a9ad79040925b1450e431,1
1NOA,113,58,d39cb301741ce2ab83e151be5a266a7df3a7a512f7447abad30f8784d6280ee9,1
1PMY,123,58,000d0e35c32972f3a7cb4af1e95847c151dc1154c1fd4df4d35d04a306a1de63,1
2BRF,100,58,72239082ef0151f2a7a6675bcc733cb74a319e61d58a7b81bca5692809364cb0,1
2R6Q,138,58,127c978be876b27e1b2e5036cf9f911291f6704368658864c7d9174eafa9d7c2,1
2VH7,94,58,d1c663f6eaae892a0e481ceb1465284a37b5f4fb3a57fabe989c8589ba007f71,1
3F2Z,149,58,b3d91848ac76f68324ce42b10392936d9a67f4db62d9d637d2cc2eee0cc0b67f,1
3HFO,197,58,3a896f5086769dd3ed0d2c4f0b778cd87036ceb5f15ee3f84d9db355b65a6741,1
3MRE,383,58,a8de007a78e6dae4b8b7c7fae5053e8a9f91418d24453589eb9869f0f5dddf5c,1
3PIW,154,58,9eae23e2265cb4eafd6930f38d5f31579e9ac31e5acf71630782b1129c8267b6,1
3RQ9,162,58,1f7e81399736029a3f916464e6d95af97f92863084cf58d5036396bbd4603575,1
3TOW,152,58,caf62240d66b6b59826c9d49838fd9b7c488d83cc7e0fd30da7cf6521edd21e1,1
4ANN,176,58,e31991754d448de85f790b1ec1c55f40758e2224699630633396da03b8b5ed35,1
4B9G,292,58,c39830bc6349db4bd3d77bd0912407447ccb26f7bba52bf974d38e2e2ca21d75,1
4JVU,207,58,6822b0ca30c5b333d5083e7026ebc20baecc22f4b4ece8e39aaeaaa2d2acbdaa,1
2IMF,203,59,410bd2c14d2608e6d97eb22e134dac2d72f97b1d2d9603f546c246b339b65d0b,1
2PPN,107,59,11846249ccc71436d0da7821ae39e328b78064159b31902fcb1b5f7470fb6338,1
2VE8,515,59,902a452df7ef19522bf19d5c7fb6263f616abc4249acedf778ecfec4ee37ded7,1
2VY8,149,59,41576332830f42ec6fe4f10f30a234dc07cab4a18a3c03ed25caf48c618a849f,1
2W2A,350,59,d942862deeab0c2719432529ec58ded7d94562dea864a88e8a957b7f3a833971,1
2X3M,166,59,7aaaa94435bfd55f6f08798db9fa84c091c6a8f65a3c3d070bb043ea44cc9464,1
3FKE,250,59,c928e5f672827098f46e019e8b2f76df7817808933e0624a95c8daac5cccaf1d,1
3I2Z,138,59,75bba33d4c3b9bd2897e24617b20479b1c95f60b737b5c815397ed18a27445a5,1
3S0A,119,59,23fcaa2d20fe2657f4e04761e936016c9d962587891cb55c2e889c063ec0882b,1
3ZIT,152,59,08981afc2208e80452e7ec49ff2a9f946130f46e72af2909833111dbbd82d7c9,1
4DPZ,108,59,ad676b4ae2b7260d10a99105a3a1074271fa776a5d98d9a7d598b7c5dbfadf4c,1
1I71,83,60,fba62206381b4944021eec5565a8e66c8c77179afaf95156a2b741e598ffef94,1
2COV,534,60,5b574407354ffb720fb3d9decc7fc42e808164cbfa26e747c4fe638f63c391df,1
2MCM,112,60,99934c61e04dda112d7a99e454df04d6d0e48521aa8d2d5863b0cf3a37c9700a,1
2VIM,104,60,bf628907073a34118fe084bf3962175cc4196e7f1bf50ecd985a345c1d3f0012,1
3EUR,140,60,f8f47de57c9576f6c5f11cfc9738569e05602489c07bd84be3d6463d164c1932,1
3FCN,158,60,7c39932479f0176b52d682930b01e4831f960e4665c2f1c33a809a5b67eea746,1
3O5P,128,60,d2827efbaedb6ac82abc834a67c35891ac7f17531fc5984dee50956d0ef9b081,1
3PKV,221,60,a46c9969e792143a5c7f9e857eb385710343555fee64eea66d6c5ca74dd00351,1
3VZ9,163,60,e9d1796589ac72d584c4e543ecbf1b6edb7116fe8358a1c6c7d6a0b7ac22e906,1
4G7X,194,60,fb8a138b0c32453e504a4a17b8f8214efe17013d553329a24d32c152d06e8eb0,1
4HWM,117,60,2c04e9a9570693ef1b5a1853197e68f46affdce7e22a12c81e19e39f7a602f5e,1
1IDP,441,61,4fcf036cbddf242e18ac0659d002d99bcc9b5c89c67de007b1293559e72d9b42,1
1TZV,141,61,0f520772c792aba7d32f17bdeda26f201525aa4b0e83e7d20026a7281ff57f56,1
2Q52,412,61,3f7376dacb0c0c69fe62997d7a1f296bbd52dbc4f015787e29bf9f4aa3202d6a,1
2X25,167,61,c0b1cb5a93c0efa564c0ee8ec29af3ec2afd0e35fcb46ae1c0c45af084615426,1
2X9Z,262,61,639d77dcd71106edb152573b733f097fbb85bafd9e8af251f17ba852b530ff00,1
2YLB,400,61,f5a03619b64c1f5b84008edc4c9cadb0f81db9c9d6d8b6fab86a3af14f1d67e8,1
3A7L,128,61,b1d1758ed98aeeabd7e7dd765583cf55455d325167f44169421d40eb558ad8e4,1
3DWV,325,61,95c95f95b21301c45d03569b5e0ba4b159391a685c50acdab58fe394fdaab05a,1
3I7M,134,61,37a85c0e5d2924d54f1c0ea9f884c6ec311b28f2d8bce458c674074ffa9af3b3,1
3MAB,173,61,c2c9906f578460dcdff81aa6e456dac8fac76d68666e7c384b9c528f7cfc536a,1
3ZRX,221,61,2a8b9b444bf8a03cb9f900709ad84bd6c092ccb00f2fbe9fe717ad01480f3470,1
4F01,448,61,ab3bd1c65fe180e2666d66955d2a9abcfdef8f33f755673ec714fb99f941a203,1
4KEF,133,61,97aa124216fc0b6a1e4bab7db6e5f53a66550cb09386dba503333327c4d5f5ca,1
1KNG,144,62,5c816809968934acd714c5a5ecfde790f71e71584bb134fc774584463ae1c6e5,1
1QKI,3912,62,c9e5c6cb793e8395ce2b63b93effbc23be5839a4c589cfce6acc3d2b07927024,1
2BCM,413,62,b2d70667975a3a0cfd5c1f01d9abe4a1145d07494697ced42b6e10779bebd1b2,1
2JLI,100,62,29bb1ea9b1f3d440882f213f53f2eba31b0d3e531676018d57534c860475fdc8,1
2NR7,194,62,2fb74fb404170df54fdc3588bbdd7fc9e9533cc3376e5c595dcb6c111ae4e7f0,1
2OHW,256,62,5b803fb6ca6a2ccc06c99b98b0df5d4adc9e13aca62ae8e4b3df89e1faf4360d,1
2POF,440,62,c496f45bf53343a2ab99e6470847fe9ceff2e9de7d17cee2546ab306c43a279f,1
2VYO,206,62,aded6fdf0260c5f146e29a21d4f343856e56a3e34e83b332898cb3d586cc4472,1
2X5Y,171,62,5bca03077482f4b26ccaeae2e32801d3cb04e8e8a7f4b8567b362027e5ece1f1,1
2Y9F,149,62,7edcc46d21f2e7bfece08b0cdb0ac90b5d8208474021569720380a33d5fc9ee8,1
2ZCM,357,62,f331efde2ce52b4dcea9f937b9128d56965eb896345f2a749bfa38ba3c4e475b,1
3MEA,165,62,402bf705e6181efae9f5268638b802750f1afefc7ea221ea7a77f78f8ddbe1e7,1
3P6J,125,62,37fe05f8aff61fa6d7f75073a6652b0c0046b190a35c9138877ead1dd2e4b0ee,1
3R6D,215,62,6c1c96570d1fc9df853d8ba8bdcb3a69e545f750457c471d8af7b58ad236ec1d,1
3T0H,208,62,3cf1ca7380c12be8db7ccf9c5901427005e9f1a356dcee8250d2eff1461c6174,1
3ZBD,213,62,916de56b525d925ea525ed6f5b729a995755768554b52b473f33d83a64b65acb,2
3ZZY,226,62,33bd6f20e473abc4816349fe5c154b97e170aad04541241feca1b9e6565a0e4c,2
4DQ7,328,62,3bab361576219bece8603dd3916223d4d86dbad2266058b67719eaddb4b5d4d6,2
4EK3,287,62,c0e85eba66a0057ff4797ff5d2ff900e36826021be67fe5861aa4dd35f9fd493,2
4EUG,225,62,fd3fc4913b8e1780baaed3bc963a0174a4ea8111c8fa95a45574146c802e1016,2
4F3J,143,62,4052697bb850c5e6c921a553c47f3868a5b81e7f8b1d42d8c8539c41edd1e699,2
1E5K,188,63,8564b60f635e7006dc3786e23fa4dccdc144f0486ad51d3a93a53f0ddca58e3a,2
1ZCE,146,63,4e48f931c82813133d6ee4b1d7ec43915789a2ea69c0edebc32c8475d1811e97,2
2A50,457,63,8fea79cadf031fb6d48c6834e56afba03b39e115ecc24fbee6e4311489f8bbda,2
2GZQ,191,63,13199437eb89057b708321bbb864ad8518b39f12ef08b6c662953d758232a38d,2
2OCT,192,63,429d178432225212fba33851a3e05707eff6f012b5900ac6e63eb441a4019451,2
2XHF,310,63,4b32af524f0131df9aa9aedbe8467267f10aa2028c5dd1e0f1c28650675fdf91,2
3BZZ,100,63,8b9d3486109ce6d13430093aa242bbc67088b8316ad3482b6ac8e27d6d01a312,2
3M9J,210,63,38dcd1b6735e66cbf785d5a17a556e613d71234b7061cb5feced74f7376ffec2,2
3TDN,357,63,1fdee6443da93c1be8fc381999bc48350b51054692ffb6610528f967bcac0bec,2
4AE7,186,63,e2e57859da396843bdb2e1819f6650cc4eac208ce251f18f19b43e1aaee5a0b2,2
4J5O,220,63,7411ac333859f26eda4e455ce396d7bc32f1440b246ffbbd2044b7ee3509077b,2
4JG2,185,63,4c506fcf2d7e9c20edb1cc070de1987cdb113b1d8167f29e499e5442c4a08858,2
1KMM,1499,64,17b84ada15683e8ce466579a7b4db59f6a1c3dfd384a7453f3791bf960358608,2
1WHI,122,64,f430d4adb2f2d7362e3e4ec70a7f1b350737963f016b5a63cc47f337d8b6e8eb,2
2FG1,157,64,6513fc674ecbe30cfafdcc72fb348f45638460cc4f543eb752effc1c7286b438,2
2JLJ,115,64,8ade43095e8529672923079f887a2c5a1ce7b13518f6c456f9e3f015ac906c63,2
2YNY,315,64,b07cabfda308aadc3d32edf190e3659cd8e9c19343bd7e95184771a0d3593d70,2
3E5T,228,64,30820cd345d85476b1876cfd7f3500b7d5ccc6918134ddc79e153c3c7a495695,2
3FTD,240,64,0cdfc21a0763630831f0087a21e9878455f1b1be32e486d2a4273cae9a58f3be,2
3G1S,418,64,62afff493639e0a2400443cd438f0463dafddbfeeae18d02c3869d94ad5b71bc,2
3PZ9,357,64,b189ea29c9ab01b345c84918ec7a260f9d3dd21b7c544299bc942021cb7f492e,2
3SEB,238,64,2f229aa7baf225cf16660d881b2f66fbcab7e59e15a76fc8d10c2bd89b9f2886,2
3TUA,210,64,9dd976de882c091e780986dc55e6500f0aac81bcd51f7a4eac8db8c198f95ee0,2
3UR8,637,64,b78cb504d423ab958948d7b8507ee24be8d7f8287596d5f4532ca1e06f61e47a,2
4ACJ,167,64,342459d537728438ee1ad0ed0fb966164a32143d8247820436facd02e46a82ed,2
4G2E,151,64,4a18235026e1c5c65f1865a01451017753771f6d565b768ee1845dd140062b64,2
4HDE,168,64,e8a088111ae136ceccc6e5901d701633f3e7f15d45ea81c15ae7408249c793c7,2
1MF7,194,65,02d3944cd710daba4ce76e99d98f36c0faaf2fe48d398dfc27bd3de3850e735b,2
2C71,205,65,c71bd3c50b9011ab9a09c8bff9c6595953b0abbb53a2d76979d46d4905446d5d,2
2CWS,227,65,e7ccf816899c28ab2bb69b2bc5a2efba04c42485ab3d671316ba398902ebd7d1,2
2DKO,252,65,6a796daa566c9825097bd63c5fb0096b9a8837ec4ee8f6309cf9633c37a7d018,2
2DPL,565,65,dcbbc9d17c22b0dce67a9dd3167e274015cf810e100117c06c79dc42b20e4119,2
2E10,439,65,adf939fb6c109ff9d87df414c65c51d71f47d384c0a908479f4ec5e317efbf24,2
2ETX,389,65,a741deeebcf1328cf165c623e696e024178a6c7e13910f6990b394ed92a8409e,2
2HYK,237,65,57cb6471f3e48c363b86bcb205a806a5ed1ed29189391cbe1443348cb71a046f,2
2PSF,608,65,ead37e3d7c6fbad9dace70150c457b776b20e471f8d7941b79b7957c6928b3e7,2
2PTH,193,65,6baf0214787600e32933c8f874c53eef4449508d3365e583ca073603b1c10c08,2
2Y7L,319,65,2a23ffbb617d490b01da811a34fa77461c529df9a61b1ba25e2b463fd9aca5e5,2
3B5O,230,65,aa267670ed5e180a079d4801b7f0f5bf3752324411c590bb1ad3efd3bd372b54,2
3F7E,254,65,b97256750f1a205ea7498343330f5b67993d953e6f71b5be547c858570587bbc,2
3KBE,140,65,0a32ed379399cd3c486eb71fdf55ba7387b8fd71e5ec7162ffbf0a6f4c8904d0,2
3L41,219,65,756c9d5c3d5e55f9ea8bb3f217e5b8e9896b2263601998c1ac80cf520ea43fe2,2
3N11,325,65,4c482ee797bc76ef4a29c0a04a10146759875b4b6a84b0b2ececc0444cf3032a,2
4AM1,345,65,0d82f0e4ed293c110e77df34979f13710b21d066c86f1cfe3cdc677ce549451f,2
4DKN,423,65,d33657b8c6d4c628913173b8e4032f3213b2e14aae5d97115e45a1d4cc28afe8,2
1BYI,224,66,077c30af73ef5d21dec65ce883bb436911b075ffced902cc26df98c15f20fc51,2
2D5W,1214,66,b4407d6aa44929f016d6df620394b60d76f9ecebb8f1a014bbde977f914a6379,2
2HQK,213,66,32a077fcfba6eb24398be30e14facf5934b6d3f4c8904f7668c5c54b24033ea2,2
2J32,244,66,d4e34aa73aae6c5c4cec530231074a760835f92172c31c860fe40f2ace1bf799,2
2OKT,342,66,fa7bafef48a6e49cc39b327d40cb77d3c850a8785e73cc6e347b47d84ae0fc87,2
2R16,175,66,dc2b43091bccddda552b8fb4f5e356b102d35d4690e799d59fe46a5c073a7963,2
2X1Q,240,66,a3f8cd4848b134b96928c7fefdcbc1a8665931b562be319965fcd4a5ac2c4be8,2
3DRF,547,66,407450aa49ba3a8524f30ab9049c3fbe9949b40e6c2ca7a0dc4785b53bd0ee8e,2
3GBW,161,66,057a2ff779debd2c75158a45277e4dfb8b447a4335c7360488e55f0aa05f49bb,2
3HZ8,192,66,bbc1a9fcc4fdc49b13a9944c4e3f97fd6b38f0e006178a14a60f92f4841eecf2,2
3IVV,149,66,0ddeed02d19a4707d57f9a1d98d205e96d6a9fea49fbf04099e3d7e33eadfc72,2
3M3P,249,66,02f630d0c65a9b189673130153fe970fd401afd067f16c2ca94b996efeeb3c63,2
3SUK,248,66,4e90ea80e2f49c186b1ac0ca77b1d3be3404587144c60a7ce4da35afd45c6bb2,2
4J5Q,146,66,d58c6f51f50a0c26f599e86085abc908816a5541c440eeb0bc458f6a025f5cf5,2
1SAU,114,67,337662fa1192393d7e1609d9a7f34299d16fd64b90b5bf3c373ae6dfbac7e833,2
2GKG,122,67,71b1bdd5c50d9f6d54380ce5c74362c42c58f011de4264d23c114482b906efdf,2
2I49,398,67,b61b566abcb372c1e48886c309914df950ecaa91d53188ceeb6b25f98a5e0710,2
3AMC,614,67,edd97f024f0d600f5eed7745c05ecf269cd61e3f55b7bb7aaaa777bab388cff4,2
3HP4,182,67,49475e1b9adb5252ee8381a0762095521c1ef54e6f9a044cdc33fa866dd6b7bf,2
3SZH,697,67,b4b870a425f6431350d073fccccb2b614096df5adbbeec697519a5e9d8152793,2
4A02,166,67,fa331bc2994b8378863a7001de122a6d2d7566541e5a7926059fca73fcba0796,2
4HJP,281,67,a9e92ba350c0d5e235541cf16dcfa1fa17ce01e0bdf6df3439530195e8b73ba5,2
4J78,305,67,6fe160ab440470af76de0d596067dd4a9538766a49702e1500f59a3869d920c4,2
1ATG,231,68,ad4730842585422c1d31ec59da16ec3ce995f65cff85ed2c297d066bba07826a,2
1O08,221,68,9a0d91ff69c1c93a0090842c098ca80e456c609cf0af6aa63dc86bf68f9b39f6,2
2AGK,233,68,75ddff8094f10b4503d84054f89ca5d79241d71f9b020bc6a49d73b00ac58cc0,2
2EHP,248,68,b45bab82c65575a328251d0a511eefc78b7aad19d522ea955ad11f2b75d1d073,2
2RE2,238,68,6e7e626845a4e280d5e98fb98c1840e3efc45a16c86146035ca2b0ae6e087ce0,2
3O0P,194,68,b446f5ab033bb1e6e4af3ac3ad24b438c844f50a699b18d1e60c1e355b1dcf16,2
3PID,387,68,ee33e46ccbfd1782b1fdc03b671f97372313cbb7fec79f3cfd8b4d3030965c22,2
3PVE,347,68,4d1e31bbb265b36fb7e86e05826a6bfd355e9a763cfdc34528a164dfc686bee0,2
3QDS,284,68,3f1371bb5a94abecafff47291ac0c61df56b2309792691af99201b91163f9b1c,2
3V75,285,68,646b248c0d4f686f3b19c9b349fbdc1a6735fd2669ad45a58b5063867767585a,2
3VOR,182,68,c7790e8d4beef19aa9f8967d05d4f8c51a0adbe8457ebcb9653c72ba139eb6c9,2
4AVR,188,68,d8b335b0bb60c813a82285da401ee16140515bb83a0d057b2621ecea9681b3ae,2
4JYP,534,68,7f0da32a7763bb64eb1f44eb973e40ec2f33c91f49acd701bd7b234002660180,2
1NLS,237,69,1f8fa948a1d2a36516b64496f90e97b89f14dce1399f7cfe5cc24b80a8f15921,2
2ZU1,360,69,b2f3cf0fcbd84267c09edda429cd1d49f322cfa65c9cf0ec8bf9f24ade1c58ff,2
3BA1,312,69,f742077983ea8ba6a9ac938a350d65848ac70160ff85ddb07d2d65ec5b3af9fa,2
3SO6,150,69,1c7b0e5346df40148067c1221e3990f5dae962bd64b0824804852e39d63d5f10,2
3SR3,637,69,0d55c8d0c109ab046161524a6982bbc83db20a9ab50fbb604ba808ea6762da8a,2
4B6G,558,69,4f58c78f24fc7b2978dd48fff325e97ddb2f891cab78fbf98e807fe8d7107b9a,2
4H4J,236,69,c2f37d9c3b0734c4b7c55701b598dda0594a9f23665b5ff9758011cd700d16ff,2
1F8R,1932,70,2956ba8e3797098f31e7242394ad3c4f78bfccd2f3bef52b6139e431098db66f,2
1U9C,220,70,97f7aaf7063e504b33e94930891abb0f0c31e0d3519531e7336b256cc94a16ff,2
2B0A,186,70,0af4678abb6fe98679429462c9e4ddffe869b345139d9740666e6422b96e9edd,2
2O6X,306,70,37b8862d96c28d5f6cd3f74ab8d3f9ca568059471fd45359301d41197dc5189f,2
3NPV,495,70,18c15110b80e858202d69b946e3da1483a555ee32ebe43ff8d4649b30c562fc2,2
3QPA,196,70,4739d1da835c5ac95d309b39f703534f81fdb72f0300098422fae0c5c198c168,2
3U6G,248,70,20d62a220b6a5316bea23f292ef1e137b769685586e482aa24cd2cb98f16ad50,2
1WLY,322,71,05942843d47b57172202c29c724c8ff5351659068a879c1f29592b103de0c8b9,2
2FN9,560,71,d04dc5b0726c0bcf26d158d42abae5ab7406868cecffb928c9c1b236987f0d0f,2
3HHP,1234,71,cf095ce8fe1d72f10e0437d5c71d9196e8a0b404cd0bb24d61b1d8b1a61064c6,2
3HNY,156,71,d6484590c54e597bd7dd41f534083e28cc072cea6ae6500959829c2acbc44071,2
3K6Y,227,71,f594d3083bb453ce51f4b9d86ce0603cc5aafb79d52a08612f9d6b9329a88752,2
3LG3,833,71,07aca7dd5c0a30c6f62dea3703c81b3d149d1692c639e98afb0625f311b53bad,2
4ERY,318,71,43e9b2ffe121d5745124e5cff63c66f519db11a1a72a3bea50a60313bc500f79,2
4G5X,550,71,6024f77e3071d745c6f7bc66e2782efc2f597641c436c013d35b02a1d82353ce,2
4G6C,658,71,e3639a5ee23110f298edf2c35dc02e5d28ffd0adfcea9c3e8386297de71427db,2
1GCO,1044,72,9c843373d9f0ed7fe734907e1d80bfe01e39e20c1107ca0cb51177a65339f83c,2
2AH1,937,72,d00eee9b0dcab94978c39da782158d7af64976b82770cb0b000110e721d9ae9f,2
3BED,257,72,94e4b22ad4512e7290b46448cdf840ca549952b20c2801136f049ee0d349c42f,2
3NE0,208,72,d0b939f930c3044bfcbcf762cc75e5b127a582bfe1110248677e1127bc397d3c,2
1ES5,260,73,e89145122ab092b62dbc827b96ad42b8305b633fb83121ea4e7ddefb94a80b6d,2
3W4Q,773,73,4437f2fadbb159fa14ec46c1a922d7711b498ba6b579a282c9612890446d253f,2
2W1V,548,74,ecf1eb2ea81126d5b6eaee81813f48d8453fcde2d583697486cb7bce1c195322,2
3LJI,272,74,272d99973de1db0eb672a90ed36f27df1667358922bf37c759fb27743e9fec09,2
1H6V,2927,76,a368b32f08ea46e144fecb986d81c9875c3a0d20363738e0f119caf194633c7a,2
4DD5,387,77,7a6b68bfe471931810eea9d7f291eb966fd502e490d8918465ad466e23bed62c,2
3PTL,289,79,6fbeac3376b992f476052c70034b11ece01f9d99d152bacdf61a8ccc3aadd7f2,2
