background_index,protein_id,residue_key,row_index,training_row_index
0,1F8R,1|C|316|.,1278,2822
1,3F2Z,1|A|328|.,36,35345
2,1QKI,1|D|505|.,1949,11178
3,1ATG,1|A|35|.,33,113
4,3P6J,1|A|227|.,116,45098
5,1YJO,1|A|4|.,3,15679
6,1IFR,1|A|461|.,29,7228
7,1QKI,1|C|50|.,1004,10233
8,3MGN,1|A|38|.,37,42381
9,3PKV,1|A|108|.,106,45720
10,3N11,1|A|354|.,323,43398
11,1UOY,1|A|42|.,41,14569
12,3I2V,1|A|78|.,75,39134
13,4JYP,1|A|28|.,26,61931
14,3HHP,1|C|45|.,660,37986
15,2CE0,1|A|69|.,66,17524
16,4A02,1|A|183|.,154,54118
17,2D5W,1|B|580|.,1181,19362
18,1QKI,1|H|100|.,3500,12729
19,2I49,1|A|316|.,261,23856
20,3I2Z,1|B|55|.,52,39235
21,3SR3,1|B|320|.,623,48707
22,2G7O,1|A|104|.,44,22478
23,2C71,1|A|639|.,159,17412
24,3HZ8,1|A|45|.,22,38889
25,1QKI,1|E|151|.,2082,11311
26,1H6V,1|A|316|.,306,4054
27,3HHP,1|D|138|.,1060,38386
28,2XHF,1|B|90|.,209,31244
29,2E10,1|A|3|.,2,20215
30,4HDE,1|A|138|.,110,60549
31,2ZU1,1|B|7|.,186,32874
32,3LAX,1|A|432|.,105,40895
33,1FK5,1|A|19|.,18,3494
34,1U7I,1|B|32|.,165,14021
35,1QAU,1|A|76|.,62,9179
36,1ZCE,1|A|82|.,80,15904
37,2ZU1,1|A|38|.,37,32725
38,1F8R,1|C|225|.,1187,2731
39,1QKI,1|B|408|.,873,10102
40,4JG2,1|A|101|.,109,61829
41,4F01,1|B|461|.,304,58268
42,2O6X,1|A|170|.,158,25073
43,2X9Z,1|A|285|.,98,30871
44,2ETX,1|A|1913|.,21,21049
45,4G5X,1|A|178|.,176,58887
46,1QKI,1|G|212|.,3123,12352
47,3K6Y,1|A|353|.,182,39941
48,2OKT,1|A|334|.,334,25555
49,2ETX,1|A|1962|.,70,21098
50,1O08,1|A|1085|.,84,8660
51,1QKI,1|A|162|.,138,9367
52,1F8R,1|A|143|.,139,1683
53,1QKI,1|D|379|.,1823,11052
54,3SR3,1|B|264|.,567,48651
55,3US6,1|A|113|.,111,51050
56,2HYK,1|A|175|.,168,23526
57,1QKI,1|G|402|.,3313,12542
58,1H6V,1|C|131|.,1094,4842
59,1QKI,1|F|485|.,2907,12136
60,4G5X,1|B|39|.,312,59023
61,1U7I,1|B|62|.,195,14051
62,1QKI,1|E|313|.,2244,11473
63,2YNY,1|C|295|.,278,32294
64,2ETX,1|A|2082|.,190,21218
65,2VH7,1|A|66|.,61,28142
66,2ZU1,1|A|124|.,123,32811
67,4F01,1|B|512|.,355,58319
68,1F8R,1|A|78|.,74,1618
69,2D5W,1|A|493|.,492,18673
70,2OKT,1|A|192|.,192,25413
71,3I2V,1|A|102|.,99,39158
72,3W4Q,1|B|211|.,437,52604
73,2VPA,1|A|-18|.,1,28280
74,3OQY,1|A|47|.,156,44904
75,1F8R,1|A|207|.,203,1747
76,3VZ9,1|D|189|.,156,52160
77,3ZRX,1|B|357|.,189,53494
78,2W1V,1|B|168|.,403,29241
79,4G7X,1|A|26|.,23,59942
80,3VVV,1|A|127|.,102,51998
81,1H6V,1|D|272|.,1722,5470
82,4EK3,1|A|34|.,33,57072
83,4DQ7,1|B|163|.,270,56981
84,2DPL,1|B|91|.,372,20020
85,3ZZY,1|B|229|.,155,53893
86,1QAU,1|A|119|.,105,9222
87,2DPL,1|B|48|.,329,19977
88,4J11,1|D|27|.,297,60989
89,1EW4,1|A|33|.,32,1470
90,3TDN,1|B|67|.,187,50183
91,1QKI,1|A|422|.,398,9627
92,1SAU,1|A|83|.,81,13664
93,3HHP,1|D|75|.,1002,38328
94,1RRO,1|A|73|.,72,13547
95,2Q52,1|A|89|.,78,26293
96,4B6G,1|A|107|.,114,54961
97,1H6V,1|C|145|.,1108,4856
98,2X9Z,1|A|304|.,117,30890
99,1ZCE,1|A|115|.,113,15937
