protein_id,residue_key,row_index,chain_id,residue_number,insertion_code,graph:contact_count_r6,graph:contact_fraction_r6,graph:contact_count_r8,graph:contact_fraction_r8,graph:contact_count_r10,graph:contact_fraction_r10,graph:contact_count_r12,graph:contact_fraction_r12,graph:clustering_r8,graph:clustering_r12,graph:mean_distance_nearest4,graph:mean_distance_nearest8,graph:mean_distance_nearest12,center0:center0_a3_d0_nullity,center0:center0_a3_d0_min_positive,center0:center0_a3_d0_max,center0:center0_a3_d0_mean,center0:center0_a3_d0_median,center0:center0_a3_d0_std,center0:center0_a4_d0_nullity,center0:center0_a4_d0_min_positive,center0:center0_a4_d0_max,center0:center0_a4_d0_mean,center0:center0_a4_d0_median,center0:center0_a4_d0_std,center0:center0_a5_d0_nullity,center0:center0_a5_d0_min_positive,center0:center0_a5_d0_max,center0:center0_a5_d0_mean,center0:center0_a5_d0_median,center0:center0_a5_d0_std,center0:center0_a6_d0_nullity,center0:center0_a6_d0_min_positive,center0:center0_a6_d0_max,center0:center0_a6_d0_mean,center0:center0_a6_d0_median,center0:center0_a6_d0_std
1ULR,1|A|2|.,0,A,2,.,0.008842254005861321,-0.045006414573664985,-0.0006682530246166607,-0.04461018405702646,0.055987667058168995,-0.07047056410066432,0.1114238171805048,-0.11488631776790548,-0.003845748995839813,0.08914552318827532,0.10449310682805248,-0.0018414399417810046,-0.03202423160263947,0.004244492959116997,-0.007238865384844076,-0.004759637333144653,0.001861716665921449,0.0008645940402817587,-0.0038229171162939223,-6.379005500548374e-05,-0.00028942707443377455,-0.0016120821580762623,0.0038475811251828416,0.002238745000388462,0.012175759583336686,-6.965629036130849e-06,-0.0003596788046360189,0.0025370586727262888,0.003395706797401914,0.002848085436045835,0.034521277833013356,0.0,0.017403399118364575,-0.0014051603408597657,0.003924653411987151,0.00042900792914835506,0.04045062263776629
1ULR,1|A|3|.,1,A,3,.,-0.007061559011218605,-0.06789318862903457,-0.024711730240460666,-0.07801722433333964,-0.05927191029153463,-0.09978374665272867,-0.023848257732561537,-0.12442115381330211,-0.006536809762363305,0.041017241423269866,-0.010485474049995247,-0.0724539432404498,-0.08532302005444102,0.003624744269527582,-0.0033706456492294022,-0.005982962107975993,-0.003417972335976742,-0.0024591084961593877,-0.0069215956075385065,9.261746593210774e-05,0.004343091434683259,-0.003272606432577021,0.005192478015571993,0.0024868689137890953,0.0026470105273750733,7.502534263039706e-06,0.016765078675710185,-0.0018934258375806223,4.84693046303164e-05,-0.0003215053223959785,0.02406598741620883,0.0,0.04725341912037862,-0.0018605023568413514,-0.0007298112667191958,-0.0004651369387451609,0.01889943094269654
1ULR,1|A|4|.,2,A,4,.,-0.0015692971675224498,-0.042827914082664335,-0.02652587035066034,-0.05868081541767751,-0.05243767980776937,-0.07345775925950931,-0.13478148277755728,-0.10005870110576275,-0.0032095576996562514,-0.02443942153036943,-0.02278219077506492,-0.060365270575873924,-0.09464386117855497,0.006321494975601923,-0.003543550582477337,-0.0028537691768454466,0.006568594879687168,0.011313228009262417,0.0010872194064415908,3.452388306754983e-05,-0.0018507617048902603,0.0014547643806945131,0.012436273549508598,0.008803822956122502,0.005053346503670753,1.0131625458598137e-05,-0.001723226529710189,-1.8851832470261344e-05,-0.0015425702649748275,0.0038905232407901737,-0.016838857929494678,0.0,0.007991755312690394,-0.003963888811689742,-0.003948826042045752,0.0057632693805399525,-0.022204633191387588
1ULR,1|A|5|.,3,A,5,.,-0.0015760130970949148,-0.04644440705225662,-0.021015103724877804,-0.05922277869608706,-0.03772697257198189,-0.08143071363426657,-0.03758803032359765,-0.11091942288419887,-0.007221318737416311,-0.008134166405654923,-0.026033089909441004,-0.055930154085087905,-0.08467816287146306,0.00012095651642255234,0.0020556286299627403,0.004663999357948114,-7.064167294885238e-05,-0.0011637657017195123,-0.00374997777116306,0.00012796095003523078,0.0010866854844334738,0.0007604045600855614,0.0028423972505224526,-0.0006221540470251341,0.0067398609832878265,1.0591289028525352e-05,-0.004152611294811663,-0.0024363709586504,-0.0009171954469639587,-0.0003406512060303157,-0.005719569977028129,0.0,-0.0005861692716509026,-0.0004954826375401922,-0.005613999791240474,-0.0027083610703471095,-0.017738990380470908
1ULR,1|A|6|.,4,A,6,.,-0.006653252956821234,-0.05182637964772624,-0.023828999243901593,-0.05778923641182885,-0.032737187710378916,-0.08308124295471316,-0.06881850470903388,-0.10279999999722093,-0.00793373161563096,-0.01583126681028645,-0.02366236511428184,-0.0771245370498869,-0.08916115914906016,0.004276593959760362,0.00246247214494133,-0.006617789135392372,-0.0015461216145530442,-0.0003306235262854784,-0.006814087953415253,7.374126502554646e-05,0.0011651532453814185,-0.0030167034741261033,0.007515183687286111,0.0025289651690690107,0.01659281272652123,1.0131625458598137e-05,0.012358945778720739,-0.002974212168970496,-0.0037224181734259077,0.0013132022855167236,0.007671816956477642,0.0,0.012359678318535287,-0.003024588293944106,-0.005696813148182116,0.002507850820638282,-0.0007509070643197901
1ULR,1|A|7|.,5,A,7,.,-0.005873530043536448,-0.05242558222367208,-0.01933120921568957,-0.06514392449332718,-0.009581777772411471,-0.07545150102597063,-0.030044920193255678,-0.12159862409796687,-0.009377896043806259,0.0009661008411123361,-0.0268153676126812,-0.06615345101079186,-0.07854007607011973,0.0057137062791639435,-0.0060540924241277595,-0.006206229924021187,-0.008440206953127643,-0.003580004074091221,-0.0029231247872306197,0.00023874912672681604,0.0049724396134044465,-0.00280275350451987,0.0020181959215825884,-7.105770068136508e-05,0.0008673411604968351,1.9252951606176794e-05,0.0013605505047735277,-0.006416692817916783,-0.000794078670082925,0.0007939802645371685,0.009661402567384698,0.0,-0.006331693361098729,-0.002757608398192843,-0.006476442843918449,-0.00229875231736969,0.000511034408955311
1ULR,1|A|8|.,6,A,8,.,-0.001953423254158224,-0.04852730031635616,-0.02523834387650723,-0.05736628219543704,-0.06486067422587297,-0.0848338256953508,-0.12551699832587304,-0.10500870874820947,0.005877181756066818,-0.004489246942295893,-0.01925204351099609,-0.07684017042256527,-0.09472426950975688,0.0067451414901523775,-0.004565726507868817,-0.006355415669189313,-0.0013242984865061659,-0.0010759377109553726,-0.002994346748153589,2.9585722093088406e-05,0.0009269798441670219,-0.0007027798767747129,0.014396939873732464,0.013736518531120226,0.0057224850551931185,1.3444219948723912e-05,0.013479786974700297,-0.0019102099510547531,0.0013810526015789293,0.011399499494799556,0.005196999801026436,0.0,0.025120458861276625,-0.0027926758348391445,-0.0039934156233521634,0.00957197969356706,-0.00292313344503043
1ULR,1|A|9|.,7,A,9,.,-0.003013204422180138,-0.055190391368167335,-0.018115063532745522,-0.07102674695290659,-0.016304777167837445,-0.08795599422964813,-0.015091985687186308,-0.12203212967885606,-0.007644504718160476,0.046312463959447145,-0.02326079904616705,-0.04847541061812137,-0.07315196304179153,0.002570080200424627,-0.004405903353470925,-0.004197432836142241,-0.005348087716641885,-0.002037165334388078,-0.0019914650939364263,0.00017266159480186616,0.015847073003478228,-0.0012952956781474257,0.00876431530128471,0.0037571576211205128,0.003704386877005561,6.059339320927393e-06,0.02075701283496187,-0.002067752324459491,-0.0023221500071372247,0.006144681392902953,0.026756039424583947,0.0,0.027624561247822896,-0.002717006697145905,-0.0067786297735625565,0.005123611574833546,0.028346894713212976
1ULR,1|A|10|.,8,A,10,.,-0.009688089132309017,-0.07324091655192877,-0.008545337858608377,-0.05835132452001972,0.05130272115558796,-0.08236759040779021,0.08149858083535357,-0.1326321014352967,-0.010539608707119896,0.08942075836285397,-0.016082735848157767,-0.039517666471696626,-0.0411817675801484,0.004072534783630317,-0.006333253022342547,-0.0009586155120895512,-0.00204402913297514,-0.001418126580062733,-0.0024249214855848323,5.1363070147090186e-05,0.015467703786513597,-0.000525887986860738,0.0034455105307696953,0.0024789616343917943,0.0020838686029475183,5.2071991922275625e-06,0.027100631548569253,0.005267133988981385,0.002356685131740903,-0.0007360604385803527,0.03033677762399236,0.0,0.03372684800484521,0.004722066493179966,-0.002105588688195894,-0.001604939540120256,0.03382778699585799
1ULR,1|A|11|.,9,A,11,.,0.003432765710872445,-0.06391569911834949,-0.005932432066245212,-0.05317429594876444,0.011516338402470865,-0.0807603243863042,0.07605931215808162,-0.11566513550554326,-0.00990103849196288,0.06582051834940046,-0.02834161280239513,-0.004433939075395017,-0.018931815861532187,0.002102460668854178,-0.0059765817535344466,0.0008357781521633001,-0.0056576857258303906,-0.002101660902817741,-0.0013779078529844923,4.048066587984067e-05,0.01077620452592015,-0.0016146609098251475,0.007333902985084819,8.879263035879603e-05,0.005691894551412701,3.360540995345218e-07,0.02308601119677192,0.005969257539738066,0.0018527319919877528,0.0003203636370926688,0.030596744050078256,0.0,0.031225036352823424,0.005795248183539741,0.0008026274161795755,0.0009679146204892674,0.04075307408175803
1ULR,1|A|12|.,10,A,12,.,0.005387245412270545,-0.02809979640409068,-0.01939832453392995,-0.053324739460248335,-0.03686159280787649,-0.06751662668122009,-0.12158219099835293,-0.09192602925948933,0.0038154021642415616,-0.00041461481856259753,-0.00032486453317972066,-0.012022256815131414,-0.07378789305104078,0.004213708430219185,-0.001664830050055599,-0.004878455023981445,0.008569307964662584,-6.888072934430056e-06,-0.011578279441402516,7.041663140171295e-05,0.011111529723260958,-0.0021024982989624164,0.014978627517399304,0.019693955898120664,0.014863555481217504,1.725799622363411e-05,0.005156942810134382,-0.005352704908681005,0.007168665804825238,0.009964096614817208,0.034310756299388456,0.0,0.012214266734333954,-0.0018282919839242595,-0.002638845419327538,0.014280671660511644,0.040108430059358116
1ULR,1|A|13|.,11,A,13,.,0.0071852507061386465,-0.034147894259441036,-0.019168739148707346,-0.05124330999480776,-0.007170197379965657,-0.0646817397401864,-0.012750566409726787,-0.10181305669701544,0.0010353213928155469,0.019313840300918345,0.04428523825927641,0.04071736818499574,-0.017661594957387478,0.0035278991849298793,-0.00487438327553889,-0.00689935016996742,-0.0005040033112740616,0.005409889496238449,-0.005971252905581252,0.00016970012223964658,0.003982291995284868,-0.005253945046239039,0.009997106168026591,0.013844515963410374,0.009227111360041675,9.89414036666858e-06,-0.0012325766628134716,-0.00303190343455924,-0.0032945434046710888,0.009248689757340429,0.02134800111836057,0.0,-0.00658453327616499,-0.003699097069838899,-0.00580191476411585,0.007561915428086081,0.017206171668449885
1ULR,1|A|14|.,12,A,14,.,0.004074342888128229,-0.022907381554104517,0.038304815219888155,-0.028614140262912854,0.057246762817114244,-0.05939577395077407,0.14688587882511442,-0.09662117567498114,0.05108041421877942,0.07230614708917599,0.1034739917976819,0.2385732672232453,0.25195623016571916,0.003417929788981553,-0.00472927562942644,0.001248315320276774,-0.012363087469358547,-0.0006429139325477706,-0.013240907795727423,6.603215263112361e-05,0.0004973532891337129,0.004847772485464006,0.0059251607473534305,-0.006078048662047735,0.014456901204303848,-4.39086854657944e-05,-0.005990873525280449,0.015484006593817696,0.006743954302751547,-0.014359027494601549,0.03411654281719194,0.0,0.0022908990945842336,0.015245483424810403,0.009644662544261138,-0.025305515416536865,0.054380729328448466
1ULR,1|A|15|.,13,A,15,.,-0.0035563489354680654,-0.044244641555188195,-0.002108192390954571,-0.03667598303610078,0.03483014164998451,-0.07941164917883725,0.1271990067171024,-0.09343345344387963,-0.006127383006919161,0.10231613561596391,0.0012823354233955798,-0.005924043184203356,-0.007648240437169988,0.0007555439351861537,-0.002588927264800418,-0.0023075624842569197,0.0041682558606180465,0.003010501260526439,0.0009133426213031726,3.280048519400225e-05,0.008829591615421179,0.003252005132432387,0.0009174472499685749,0.0011558976942066578,0.0038449547087674317,-2.6559323032415706e-06,0.018494014739813523,0.014278842059850092,0.005096319267940999,0.0010166724163269691,0.03829118945570286,0.0,0.04523318125360959,0.0020783902916835474,0.0116487036448234,0.0016058779771557852,0.045487469760820715
1ULR,1|A|16|.,14,A,16,.,0.0035262178530427947,-0.04347294714697138,0.0017455662651687477,-0.0477819228182986,0.03455684724280814,-0.06342674252825248,0.11052692568756825,-0.10150865834706507,-0.00948220415813978,0.05730218904123802,0.03623205288587741,0.01073869880165347,-0.008669681697884641,0.004194262269805336,-0.0023172727527284564,-0.004166774923273096,-0.00775243578332919,-0.0007385286835148009,-0.005190815743344501,-0.0001310307641779218,0.004728844659090328,0.0008224479383570582,0.005688562326762678,-0.0006338425530492487,0.0032933542011659256,-2.4926641017373186e-05,-0.005651494569130265,0.008378886392103482,0.0010101735869426421,-0.0010631073134013036,0.041041957239197874,0.0,-0.012526303388481742,0.004591658224727837,0.005191615369870419,0.0005097209567985316,0.04186319441351202
1ULR,1|A|17|.,15,A,17,.,-0.0004715677519052974,-0.04196427017893939,-0.024490673657197277,-0.06025095330805016,-0.05938824911435404,-0.08207861237068442,-0.1246297829058662,-0.1065463146881612,-0.0037211341532662344,-0.01215997487427245,-0.01028787763776961,-0.057611446588971944,-0.09438997534717743,0.00655789582827083,-0.0031328576039345536,-0.005780447026212557,0.0036247087960489923,0.005792297246945566,-0.010684685966676852,4.9121239615033117e-05,0.009327715175584075,-0.0017683384860892205,0.015738266043814092,0.014464470450215572,0.007390922502811037,2.092013004585169e-05,0.0037710300444726385,-0.007046328188056066,0.0071663686887156785,0.013067341805126205,0.018375324143257217,0.0,-0.002135969522576211,-0.0016251280118754607,-0.0035321255520832295,0.008915877730695456,0.03459129906324847
1ULR,1|A|18|.,16,A,18,.,-0.007199534273774759,-0.03981296677305096,-0.0015583185103831454,-0.045240189261061235,-0.052747045633877575,-0.07171725435472269,-0.09306363837854505,-0.1011891661580151,-0.007262451431193675,0.004359635238257909,-0.017945285882277347,-0.06668688928897268,-0.059021196943186,0.0038586562887047648,0.012720209962838283,-0.0018762414995546805,-0.0023975343030463135,0.0028150801705116636,-0.0005935304501917926,3.5430956272648474e-05,0.011619976428729615,0.0011188901313711596,0.011632912254627996,0.005876087173509177,0.0013343358546197238,1.1138587724417449e-05,0.0053380292040588985,-0.0021487395323327974,0.0019252521313864435,-0.0003361758371109147,-0.02065675061713847,0.0,-0.006266348530178618,-0.003666045616856053,0.0002649887885905855,0.002007905313894014,-0.019056698148656324
1ULR,1|A|19|.,17,A,19,.,-0.004364145890708358,-0.05297502576686441,-0.0018260168547851662,-0.05313586891388979,0.012425657114386866,-0.06715894372690456,0.016281165447383613,-0.11414661640127406,-0.00897703451689324,0.038918062388719935,-0.03089825397320453,-0.03295964585589729,-0.007791090842592965,0.004330630028590576,-0.004798022125762315,-0.007098092980718605,-0.006023714319156,-0.0022892914139566755,-0.009663001492931471,7.640627171440429e-05,0.007485816321565153,-0.0015300751704445759,0.0016874193518457048,-0.0021606388623405335,0.004936789724389144,-1.0522885531827342e-05,-0.00202023516688655,-0.003135870279509163,-8.090506742433945e-05,0.005039272240847197,0.018262408894945067,0.0,-0.01571384349660498,0.0005002484578221811,0.00113616483419122,0.007180663267426155,0.031155120335466507
1ULR,1|A|20|.,18,A,20,.,-0.01319589162882636,-0.04780583252027412,-0.003803950985146116,-0.053647026997234094,0.02027349760943821,-0.06332066666142509,-0.01846860355385189,-0.11782784993601006,-0.00725265028084209,-0.02719912270486205,-0.024673260647045083,-0.07783942465969972,-0.06991973272148976,0.00424018757390229,0.0002837444584372406,-0.0034508217962054746,-0.0029703974630299968,0.0071116749146656845,-0.004171144624466194,3.511797262945038e-05,0.004917693752993984,-0.002102883160770972,0.007128110968683217,0.005794937192761012,0.0048388180662881555,-4.639456456061453e-06,-0.006548461182823501,-0.004217844130132136,-0.0019207808913418844,0.004873821311463616,0.021493459867845673,0.0,-0.01897903040478724,6.973153827345868e-05,0.00035126729003621905,0.005875467866846122,0.02809856541778629
1ULR,1|A|21|.,19,A,21,.,-0.005158256514073969,-0.031023057086659662,-0.02767672107981838,-0.0421904180021923,-0.06717835506664756,-0.05573299432798393,-0.17988240049133786,-0.08537863574265124,0.0022443435634346897,-0.07919246600325736,-0.01592642524363981,-0.07058699080332048,-0.09944653865552083,0.007937735559742407,0.0009717998251546334,0.003924557949905107,0.006236489762196698,0.00952845060181204,0.00520292071832813,5.2642215515561474e-05,0.011942854182140578,-8.103495027810936e-05,0.014356447626595213,0.016790488939666517,0.001984080842725433,1.8019890994764864e-05,-0.0024133221943780825,-0.003564926446389052,-0.0011036832304774436,0.006895971070587308,-0.008290823468194758,0.0,-0.011376596142546002,-0.009299218638208942,-0.010701679583953095,0.006248276695919657,-0.024562847785539077
1ULR,1|A|22|.,20,A,22,.,-0.006985463570927664,-0.0605727719177203,-0.025384899248604712,-0.059585995273444256,-0.052036579970702664,-0.08928111617809308,-0.06308308763573436,-0.11325765717906855,-0.0019162103132813614,0.03284771650625913,-0.02178594629644067,-0.07831238057032067,-0.08797098622595399,0.0011640079533344761,0.0007094607589456813,0.005963578066052406,0.005873829964363609,0.007929709701570288,-0.0011065116375394268,7.618858683827056e-05,0.0038364918915911516,-0.0002956141881922747,0.007120743663649875,0.0028665019562976114,-0.005966086247173053,8.424390689469873e-06,0.011649072033485374,0.0011147239551837628,-0.0006532430583038718,-0.00012728707196416167,-0.014829362536409008,0.0,0.008966691978495334,-0.0026331135979113184,-0.007432760932180429,-0.0018183862853345546,-0.017487984111236584
1ULR,1|A|23|.,21,A,23,.,-0.009342764785120323,-0.05818113508442195,-0.004680231918776769,-0.041568950484311244,0.031605058472352995,-0.06693262848736765,0.015668590065193087,-0.11464097923970669,-0.008250442099347879,0.03869075705083617,-0.005383725852078669,-0.07138967836082429,-0.015516181584083242,0.0016802158674352086,0.008884511565702836,-0.004830568183149353,0.0037838787531524077,0.0018325607302729452,-0.005741904791379398,7.621139820912504e-05,0.005574788349881601,-0.0037835627822381925,0.004707537471865492,0.0007039992397993444,0.004818990719923874,8.200606316677294e-08,0.0166883115827531,-0.0009036659123643176,-3.974544459367735e-05,0.0014016918298223402,0.010655767527853008,0.0,0.021545223860209434,-7.429983004129781e-05,-0.001650047316302903,0.0005108463285657195,0.016163313545017672
1ULR,1|A|24|.,22,A,24,.,-0.0038047376023598646,-0.048260976233977716,-0.006952162075665314,-0.05656611283232273,0.005054348716910795,-0.07554672134814609,-0.029376719197818348,-0.10497245100262027,-0.007796382366671111,-0.0038439397088541227,-0.016275477332721947,-0.05093258718974369,-0.06489395918077748,0.0013151963370879117,0.005537260048112671,0.0010136579157730807,0.02017788206990474,0.013876866421481822,-0.0021799496343481908,4.651611170174874e-05,0.0069340164881322155,-0.00168761948387683,0.01273799128164427,0.01684961279829736,0.002072815166983304,1.0371326388849412e-05,0.016674018273031804,-0.0006011306218908885,0.003202369266583922,0.0067193649653133035,-0.012584496211304846,0.0,0.01374310605859975,-0.0032677961556929346,-0.004578194899343941,0.006623949865741849,-0.01788710628836867
1ULR,1|A|25|.,23,A,25,.,-0.008772674646137091,-0.055783374212118986,-0.02722759188170471,-0.0537011430535636,-0.06959179054058878,-0.07171936785166828,-0.12034521330913599,-0.09816964413204111,-0.006189281513436669,0.006552249151721981,-0.021495360754717013,-0.07850639408461518,-0.11368123503140737,0.006189083419686767,-0.0009235887795885845,0.00902193775890879,0.01683075121502547,0.015607107782055324,0.003279535195925405,5.6445250776278045e-05,0.008713302597040524,0.005802997615710553,0.017728553862866932,0.015617307486305236,-0.013813254226681124,1.0131625458598137e-05,0.015101607620893454,5.082982566079863e-05,0.003618660481049787,0.010848448121564616,-0.02719587905523568,0.0,0.021191797379001544,-0.002616255540511503,-0.005499432003791185,0.009563741197803247,-0.030209834712178463
1ULR,1|A|26|.,24,A,26,.,-0.01173771314518433,-0.0685500109867995,-0.015125238192489548,-0.04569160885554538,0.04969541145290634,-0.07359309240898682,0.10338772352687045,-0.11702497538628961,-0.008250846343595696,0.10994388713569635,-0.018366150395560794,-0.08092633345634084,-0.0673891930932814,0.004288996272373993,-0.004694424756798128,0.01165562240584535,0.002523611699610626,-0.0022110229020591275,-0.0020801974955335823,6.660689852651558e-05,0.020472745928090744,0.0028534498458633096,0.004466243583152903,-0.00015869265080169725,-0.0037464310712748273,-6.994360060161853e-06,0.02249743662360505,0.0011981178678777838,-0.003427775082744944,-0.006868777983389691,-0.01775119222618656,0.0,0.04671557833537861,-0.003009695687668312,-0.01425277558624714,0.00026385321919917713,-0.00826809213510586
1ULR,1|A|27|.,25,A,27,.,0.0007219733048572152,-0.050208940781006496,0.016398578200397935,-0.039718158302896996,0.05615598917810729,-0.06488350450892938,0.1750033770292555,-0.11097235209680491,-0.0020127198379719857,0.11533959737641084,-0.016978070980993607,0.0054934179725455575,0.05287302724884299,0.002348055209161828,0.018992185862699528,-0.007787534718926637,-0.002134113520107661,-0.0006630645235634347,-0.005831210741134783,2.2276390379829535e-05,0.021493853678870637,-0.003769130742799689,-0.0009291454171494706,-0.0026217309604976437,0.013201052902397805,-1.2193613137014837e-05,0.03414868456431577,-0.003705321422629453,0.00030702976686058036,0.003795766961528102,0.02653258204815586,0.0,0.03923444486530464,-0.0027809771140942987,0.01634237693106641,0.0046168478744761645,0.02291873500185318
1ULR,1|A|28|.,26,A,28,.,0.0017208590563035386,-0.059228474372620285,-0.0069604336796174945,-0.05015888465390361,0.018444331923523693,-0.06996282614753482,0.03869087694480101,-0.12939329794087995,-0.00949266170486851,0.05375410628618226,-0.022262694494926336,-0.011184381985264622,-0.022850407361213455,0.0014340136701429173,-0.003929349241245745,-0.001955567620948102,0.016375229848215156,0.008835296283163672,-0.0037385602875082214,6.39699965267937e-05,0.003939009075127587,-0.0030243014011360004,0.005769984081626234,0.008980179418380772,0.006560930913886551,1.63770918334194e-06,0.02085298068029118,-0.002676644056600708,-0.004075417749070737,0.004133295784900781,0.014504209627653496,0.0,0.020161471334270688,-0.0025981323414393386,-0.004176097426302761,0.011700033960077577,0.013159431655621176
1ULR,1|A|29|.,27,A,29,.,0.003731390803919368,-0.04623411491605449,0.03292294007152691,-0.04047970424251077,0.009259586694612522,-0.06051206699401547,0.0917211638553971,-0.09914391824672364,-0.006813911340261853,0.06330156552049403,-0.029157630335454883,0.025198511477171906,0.047965977239909134,-0.0006807969300410832,-0.005187869314372904,0.005300508701051285,0.014333464751441838,0.012019099782561967,-0.00578005707653773,7.763446954186293e-05,0.0036267364358629093,0.0003148131730769421,0.008479383226038521,0.01018109770721594,0.005667908287903458,3.3681033664834103e-06,0.011958342493146005,0.006139186113303765,-0.0025470687535460003,0.01524858898148068,0.014127370794157344,0.0,0.02853020640155762,-0.012944910252709007,-0.005206593661361296,0.015093519774415256,0.03645463836711542
1ULR,1|A|30|.,28,A,30,.,-0.007943175909969681,-0.05723245316093653,-0.03072239475940023,-0.061274497376019144,-0.06035372405278068,-0.07982965803196194,-0.11911943096023975,-0.10831209055832197,0.002726084341638142,0.019991059232198863,-0.02124743673063193,-0.07839428208682761,-0.0974820595340023,0.006323848570651762,7.74005117854415e-05,0.0020718637298710973,0.014417503793753781,0.011612785750471345,0.001406670025610026,4.465994814040641e-05,0.008708639162441046,0.0012580083202762182,0.01516864943159476,0.015618872142021446,0.003311109603306477,1.0628516320139169e-05,0.022338297328811513,0.0022867350126432482,0.003019119645138986,0.005711486325221386,-0.018322739177015848,0.0,0.031277052800764836,-0.002347243335233031,-0.004998930717366647,0.007902001188993247,-0.01751393765498591
1ULR,1|A|31|.,29,A,31,.,-0.008583871239694929,-0.05932573207592824,-0.02551629255417069,-0.06767417463463317,-0.04018294840184396,-0.08261735402278333,-0.12005891201128747,-0.10968509018394705,-0.007212081361286237,0.015418549752039325,-0.016179004407486132,-0.07423623295376643,-0.09746844553747053,0.005398637263929799,-0.004170331360229227,-0.003494622641056395,0.0038922689846725687,0.001391118608376445,0.002970162895254873,8.727847356681196e-05,0.010785116797448068,-0.0005059522215741197,0.010800654505733434,0.0027170540697858316,0.005253243389507816,1.2703656684607268e-05,0.008314297474746048,0.0012974920015477664,-0.00043015166396152436,0.003018989328839723,-0.0043425313574576305,0.0,0.02201254160850773,-0.0022229683263169874,-0.006385785186880924,0.0017725441098696137,-0.011733686654836787
1ULR,1|A|32|.,30,A,32,.,-0.008366099752898037,-0.04934556338295977,-0.027580770846337827,-0.05823941691234722,-0.058828077111241155,-0.07327529340310278,-0.13081289658985498,-0.10145622106515098,-0.006181697749556996,-0.012662626249853587,-0.008910155333172583,-0.07863636076925302,-0.10517814367625476,0.006670718431787463,-0.005058256807874528,0.0011178917863000494,0.005213232162958548,0.0026143236328577757,0.0019777639318144225,2.711464041681211e-05,0.008570311281771268,0.004737003560995419,0.012481161509482775,0.004203103334420746,-0.011477522523357209,1.0131625458598137e-05,-0.0007990896994094498,0.0008970833605995665,0.0014326853532865159,0.0031891873065437435,-0.018439247986072046,0.0,0.008798642611737718,-0.0012861666202799427,-0.004406708623758035,0.006391789618315897,-0.023342925436607372
1ULR,1|A|33|.,31,A,33,.,-0.0098387305837241,-0.05497519250031388,-0.01927800925682732,-0.05571727503288684,-0.05177140065345867,-0.07697354651741158,-0.08388464897421997,-0.10486330320400235,-0.004657414605222954,0.005585841217320251,-0.02126518582856363,-0.08175386545082944,-0.09283979657455646,-0.003969608312636126,0.0008310750236041997,0.009113523065545479,0.006143471128664544,0.009735544287990195,0.0038582832544463487,7.323129159658492e-05,0.00237950726616333,0.004387725620926659,0.010020065039578299,0.005982782041067339,-0.013432495351368203,1.1138587724417449e-05,-0.004184962536228412,-0.000345464018612347,0.000640994297047044,0.0028048085676194035,-0.026770100039975375,0.0,-0.006569873755729994,-0.002677849110288406,-0.004890241095666283,0.0036010828510899275,-0.03375501174594035
1ULR,1|A|34|.,32,A,34,.,-0.009637950661999923,-0.04633888339793529,-0.027050854401967684,-0.04621103284991619,-0.059593004684890045,-0.06460014834623863,-0.13299160388041265,-0.09640021371920796,0.005363830756982537,-0.0047017036299489235,-0.012198955506000288,-0.07768349978676213,-0.0987572219133824,-0.005327153817052022,-0.005522633929264344,0.001930295818434331,0.0007373290390668785,-0.0008856963717641975,0.005181384209179783,4.652216426961786e-05,0.006026178986633966,0.0028317702746518594,0.010872271759789952,0.0052894135651376925,-0.00810682935725879,1.2390831252560019e-05,0.0015715172061401361,-0.0015434649784006637,0.0004107033140444827,0.002278427819459381,-0.02634646918873841,0.0,0.0025468509744575128,-0.0035738390817751054,-0.005350098944462545,0.00019988391907304503,-0.02763272604010851
1ULR,1|A|35|.,33,A,35,.,-0.00960077842015636,-0.052358136559332705,-0.0075350188452094355,-0.06201206026115898,0.010460262315029922,-0.06959520244870135,-0.008781567648024974,-0.1224484824919761,-0.009871142021955564,0.026123863235385725,-0.025792719916354942,-0.07042728458583042,-0.06958645028664129,0.0009701524076666601,-0.004402700258884238,-0.006807776151433274,0.00019956415412110572,0.0008511794241106685,-0.007392873066713719,0.00021774760916514423,0.005214834857361552,-0.0030378051946202333,0.00645362339932305,0.0082476699822395,0.012024452717700883,5.198283506615553e-06,0.004189964371406916,-0.0029320864894151555,0.002444037749825014,0.008392881960549943,0.015884023778725692,0.0,0.0038187509595398695,-0.0008915800483983105,-0.001965331634807228,0.009324211437466375,0.006622204671745635
1ULR,1|A|36|.,34,A,36,.,0.006274020942329912,-0.03584031588402337,-0.00241276504207832,-0.04627745539798042,0.010018813544299406,-0.06217265590959584,0.014496129098671701,-0.11673783751416203,-0.007324202128880586,0.032563978111507484,0.0009657002576383888,-0.00478427725940918,-0.021525656801701983,0.002435644854618886,-0.0028707851355252957,-0.006994598598070354,-0.006743667792880217,-0.003969197763232728,-0.0036346892799093665,0.00013375824039712825,0.010362144614608155,-0.0028972917168812273,0.0019587633293873807,0.0006053870375747294,0.007163200568397485,-4.099578209206811e-06,0.010067860994989318,0.002261914034727397,-7.072680320831637e-05,0.001559395820879672,0.026521992267193185,0.0,0.005581349246920126,0.0013453610912409885,-0.007496170815093137,-0.0010010424800309182,0.024317707654746813
1ULR,1|A|37|.,35,A,37,.,-0.0023614930424011504,-0.04616068298431628,3.183204136490758e-05,-0.04471219018640454,0.03682667751154384,-0.058323312250245604,0.19232813864379353,-0.10197563495712018,-0.011467110134883498,0.14493247942449258,-0.006824206512781501,-0.0076918527660564,0.04416071630118267,0.003645943330274122,-0.005397433535131882,-0.005321384433737819,-0.009550394821591012,0.0030350296179503288,-0.005774127093430365,1.3003931007915525e-05,0.011810632009765242,-0.0015766126494983013,-0.003071457847660781,0.001516507459636216,0.00021684153570603827,-1.1157285753142787e-05,0.025587868797744873,-0.0012025255225363196,0.004255108322772685,0.009343322486416809,0.020238745968093354,0.0,0.02674414965113698,0.006277525013829575,0.01620035395671039,0.002025623122406728,0.02829106495990885
1ULR,1|A|38|.,36,A,38,.,0.003837440936478913,-0.023852730361269323,0.04952615174431514,-0.026822604286269893,0.1264741447393905,-0.03431970963625425,0.21230420925435553,-0.06625179576445518,0.061369005772399274,0.1303686646495298,0.05013428228820459,0.23444776117031552,0.3755503499252042,0.0028294321835772964,0.01531350244428296,-0.007221606388575914,-0.019930261364341922,-0.021899521908405006,-0.019507172640163332,-0.0002866607732698867,0.007618528107834806,0.0014652717883534905,-0.0007367486966620618,-0.017606716359649895,0.004099169152480045,-7.593412849928427e-05,0.028094506135890356,0.006627684177861681,0.0040825892001907955,-0.010760319199344792,0.027316062882285906,0.0,0.019567211858393847,0.0044168955414727405,0.035383732469324226,-0.004583772038291372,0.020187821022985303
1ULR,1|A|39|.,37,A,39,.,0.008478956578639441,-0.033112044955311434,0.04467291661927078,-0.011719024294343256,0.09312686204445782,-0.04393606940813782,0.19021084093054114,-0.07804297841588095,0.04112814822884246,0.11472929454209961,-0.005091428277297041,0.21120717923331483,0.25070850928607585,-0.001305101381921645,-0.007649799209298607,-0.012150084445849103,-0.013993544807191753,-0.014413537447970555,-0.014459601174206114,0.00014167435056606337,0.013200271031528956,-0.009762493185332132,0.000786162024467103,-0.01823628799638378,0.006530940472807174,-3.673707664347603e-05,0.03302623609044133,-0.00460800885852251,0.009888540338213118,-0.00972303138310366,0.03906841161340537,0.0,0.038162437233677904,0.008367838973792062,0.008453102135958658,-0.02461284306547576,0.04539446728739677
1ULR,1|A|40|.,38,A,40,.,0.004641388348181294,-0.050270566989734915,-0.009197244531490298,-0.03868103007456085,0.052696778571383905,-0.0717076726787812,0.14427227577042004,-0.09847240934203341,-0.008702076848684896,0.10255507741381337,0.01664509137751267,0.01080651409892198,-0.007174027590407377,0.0040984237352734,0.0022400575873086836,-0.003854569501449987,-0.007575868502460139,-0.00035540357036978776,-0.0017054225123769129,-7.6388960433178e-05,0.01094470051935133,-0.0005587018774659924,0.001069088221092045,-0.001014100794093622,0.0036016219135143503,-2.6430741309013682e-05,0.0016969693165977161,0.0080880572455834,0.003881129433041792,0.0019001655106842463,0.03939946001211183,0.0,0.011078756609840212,0.0037895682963227273,0.0030174888367594122,-0.0018664689189604644,0.037738000791750326
1ULR,1|A|41|.,39,A,41,.,-0.008139459886928649,-0.06068883393671967,-0.017379079316415014,-0.0700247233672144,-0.009260350564529318,-0.08212568224812657,0.0021693013833947814,-0.12153457129015799,-0.0030041926125009867,0.028294565075426305,-0.02486591171067346,-0.05115586826345634,-0.07536244274675674,0.003740062505453352,-0.00319271828181769,-0.0040501890143550415,-0.005707972436559317,-0.005427255165343183,-0.005157664542694817,0.00020008383444746868,0.013415689972727378,-0.002945633671406682,0.0049614383618497016,0.0032352626609882407,0.0033528670221960512,7.110106489562895e-06,0.017007898097907984,-0.00214499074646227,0.0012298270528873444,0.0008748802747609829,0.020694928385485128,0.0,0.01880671209973812,0.0005495774600464642,-0.0064900643528173416,-0.0011991493399949604,0.02001439194185309
1ULR,1|A|42|.,40,A,42,.,-0.005676094142324359,-0.0500049081424693,-0.027296931612896883,-0.05739673370258615,-0.05123768177630325,-0.07086554795413263,-0.13297773519654868,-0.10059055533900406,-0.009692852405348305,-0.03669909436354061,-0.02159299810192721,-0.07821389581499631,-0.10001016059467788,0.008484623948872354,-0.0016838654628939765,-0.004678488882851895,0.0027275640933319776,0.0038013569538880177,-0.005918034701565204,5.500148803093907e-05,0.013071191066396181,-0.0009557616054256357,0.013946369525975087,0.01446486434319894,0.00213460851131984,1.7016459023579954e-05,0.01745010093392409,-0.002642089154778944,0.0032806814315433286,0.011970764345192463,0.012262797956537667,0.0,0.017539135390592157,-0.0001492661131926809,-0.0020215662560328696,0.00815423891211573,0.0009789332833631192
1ULR,1|A|43|.,41,A,43,.,-0.007707901668194168,-0.046770714203570665,-0.01861366590408977,-0.055692038049473924,-0.01674858905667648,-0.07243081274613332,-0.0838487058763161,-0.09912643132432714,-0.003118786921040737,-0.024838086205378147,-0.028873931473393386,-0.06122482390936113,-0.09248260477636791,0.00535741365277488,-0.005320330728441149,-0.0031469631352251783,-0.010634186929739116,-0.004764028857407823,-0.0034200378240495867,9.482841396675212e-05,0.00936825530557968,-0.0027501754068136107,0.0034064999446083277,-0.0013479296062695312,-0.00035033711922665133,4.352821502834559e-05,0.004313759671026674,-0.004080161263021722,-0.0009812870803936136,0.0002608177226686337,0.0019602617512273924,0.0,-0.0016304787616350325,-0.0021103582748861526,-0.007076573301648637,-0.0022557459287139638,-0.005237558408707059
1ULR,1|A|44|.,42,A,44,.,-0.0008399909456082355,-0.029189068052112077,-0.029140015761890938,-0.03771012664243294,-0.07589846268486852,-0.05146172273623094,-0.18657853677788525,-0.088393721735007,-0.008497032956195767,-0.07014713176623161,-0.014339891389725211,-0.06798916383644354,-0.10027665462503763,-0.007356985737790183,-0.0006617426463164122,0.0018540094724600919,0.005621973332777372,0.0073477191612381886,3.825587719177293e-06,-3.3326980133097093e-06,0.016125617796215862,0.005219438946883343,0.011017318004737148,0.006612348370742182,-0.010568555108583979,1.14906340604648e-05,0.008724841248922139,-0.0028566328531013595,0.00033213927217921933,0.0045633811161999915,-0.026165243110916236,0.0,0.011469697159766241,-0.007255618005426925,-0.00824747190445244,0.003600755129228688,-0.03318692824894029
1ULR,1|A|45|.,43,A,45,.,-0.006665483397701735,-0.03499512184216954,-0.020813842356777457,-0.037879353192475096,-0.06155851556736138,-0.054033871093644166,-0.1836530333284658,-0.08490012381365225,-0.008046121380980615,-0.0935466963475406,-0.02291395541927848,-0.06429552405920702,-0.0894665354261926,0.00037298850607669464,0.0059696533498667746,0.008458618532262818,0.004165851829804339,-0.0008767847827155606,0.0009115605633212454,4.055214351183167e-05,0.012446273908098248,0.006916495753140026,0.009430076006028828,0.003896134472090722,0.0029314945905433375,1.7161063151434064e-05,-0.00033631909462911836,-0.0014306873357207905,-0.002087911388198975,0.0018442082243335278,-0.00345725116253746,0.0,-0.00039426684496575605,-0.005098756583855248,-0.012144004010096908,0.006782854084824308,-0.018057313936504612
1ULR,1|A|46|.,44,A,46,.,-0.007188511965972282,-0.03223642702435654,-0.03211357761262405,-0.038357350175505685,-0.0887453981259496,-0.062015436255294744,-0.20436102214283486,-0.09247520862724762,-0.0055583197645956515,-0.08107676584809667,-0.01358774819332126,-0.07118373925849085,-0.11425851311287459,0.007418976992652233,-0.00309569858852754,0.004958837319796175,0.01966916286510518,0.012865229436824421,0.0028481309702436874,5.901873860011619e-05,0.003667893426778761,0.003464592976255858,0.018231148140085907,0.017233728180397066,-0.009099521081958528,1.0908201729762368e-05,0.010677663529498496,-0.001209813552217298,0.003147860969327425,0.012039656450243968,-0.03195259742271645,0.0,0.01605653933424719,-0.004546389028621292,-0.011343385121816638,0.01030607834281188,-0.03983767797641079
1ULR,1|A|47|.,45,A,47,.,-0.00847079925242042,-0.060396355383378196,-0.0333869608308035,-0.06320346026201058,-0.07819685633129993,-0.08540827236974635,-0.11993619302626116,-0.11581380969398047,0.0035504007340917097,0.019991795669022993,-0.023296343925338192,-0.07734618020059884,-0.09546587613681937,0.0058562128268539486,-0.004648975781113904,0.0047840110062135465,0.006659403489645967,0.005249548281831835,0.0019590836353648913,3.849731448895e-05,0.006490797970610913,0.0013027226470735797,0.014100511027049265,0.00677832849710498,0.009871498202178799,1.0628516320139169e-05,0.012417438055378404,-0.003922212257743212,0.0015637244335338352,0.0029018153705388273,-0.01944703986394231,0.0,0.021352763327684984,-0.002997446135366744,-0.004749039453339492,0.0029689864058728686,-0.0224069382876786
1ULR,1|A|48|.,46,A,48,.,0.0015533253424951,-0.042146553750697195,-0.02050017847727453,-0.04748836635740893,-0.02958523417624164,-0.07118882449102586,-0.06706813118923549,-0.10749252667481748,0.007780924631175594,0.044673646817005024,0.0020992427931082604,0.001467767043492927,-0.04483031859955986,-4.328428742866208e-05,0.002927327869849563,0.009619616731891085,0.017469392528275875,0.014717321147277786,-0.004731631927494675,2.5552690901804452e-05,0.0036307740924820565,0.002828687875124558,0.00847891211448399,0.01559725069905042,0.0035505665975699686,4.836575390072539e-06,0.006142353197076744,0.0013383176248268568,0.001585226709001688,0.008206261613736388,-0.021900519702037543,0.0,0.03305259839821005,-0.002727264768419957,-0.01248230049115108,0.00833783451149685,-0.02154312122937739
1ULR,1|A|49|.,47,A,49,.,0.004418888870317658,-0.05003163490168458,0.020214504125218014,-0.05094719366361204,0.03310309968861645,-0.06452218335327502,0.10566749089445494,-0.12556845505410108,-0.01039198327058955,0.09705749137268299,-0.017930324345431643,0.00941977095689822,0.0205182183490723,0.0023675412650050022,0.006716645631768472,0.0014582466066528355,0.007338775822645118,0.00465452265971038,-0.002528221073494876,1.822635008238649e-05,0.003753637330641482,-0.0007865637482234434,0.0025513370947334124,-0.003771110631642358,0.006639035112070815,2.252800795758958e-06,0.019009580548465407,-0.001850546810148046,0.0004986530205337658,-0.002578584877211085,0.004305113411442392,0.0,0.03485813756152965,-0.011847133651687613,-0.002232729619826728,-0.002776414968842005,0.004803928992315036
1ULR,1|A|50|.,48,A,50,.,0.0034951516483971547,-0.052354146532716576,0.027373372442822584,-0.04072783667142403,0.03776538393259728,-0.05646851012137432,0.12740461937248596,-0.10776382322113363,-0.008222344335146658,0.10943776763633081,-0.03054136094642189,-0.011626892538195648,0.023895567002653023,0.0028853653980098672,-0.0049325371659190865,0.005422870771536736,0.0033735037724113683,-0.0024755027008558275,-0.002600729850652499,4.33829005237385e-05,0.003714637532668519,0.00014940452046403153,0.0028458481049696616,-0.0023553343266371485,0.01113310914096246,-1.1585794027269002e-06,0.004025591922374758,-0.002766562012182874,-0.0016779675429478402,-0.001156398795288851,0.013717626424588047,0.0,0.018707006413241915,-0.0032671540432815506,-0.0020111399238336956,0.00022924420781961886,0.01851209119479222
1ULR,1|A|51|.,49,A,51,.,-0.0030556729002552173,-0.05694739420810702,0.023561749682202163,-0.04500351117128517,0.06542200216992597,-0.05847819406268144,0.17759745106463812,-0.10043301077046748,-0.009076811631741748,0.12807115154273646,-0.025775781569052185,0.0389061207318332,0.07555303279827996,0.0018647758693271044,-0.005037757890062835,-0.002887459530410865,-0.0006036844087932991,-0.003884865678971039,-0.001011727328763641,8.200058141142108e-05,0.0074136606221618705,-0.0024742997727562966,9.961552171148468e-05,-0.0043400715793629275,0.025210819270913874,-1.2056042058929962e-05,0.024406722440467946,-0.0032988806963436448,0.0005726598471078148,0.006331300699648352,0.029820721982199812,0.0,0.0317200294025438,-0.005803197722553364,0.004177015167196885,0.0011756511588115616,0.03648217391407058
1ULR,1|A|52|.,50,A,52,.,-0.015804095164052966,-0.08785821521115622,-0.009954026888252372,-0.0648279637266512,0.0074138140713199616,-0.09238978305388827,0.08447531145083516,-0.13835243902102776,-0.008508411645347849,0.07004593456558411,-0.008194410210899719,-0.08025653160476623,-0.06635461862908926,0.0034944938355550904,-0.002833044954812429,-0.003356015104068888,0.009971298433135302,0.0027847759887698587,-0.003905362001270305,0.00013869740006384746,-0.001460231892819266,-0.002385779896065827,0.006416870021311709,0.002858676911123155,0.014606310103180675,2.9821068346791436e-06,0.02012782422909041,-0.001748239260232367,0.001685803222675588,-0.001263563721959997,0.03947565915196719,0.0,0.04577111531651326,0.0023469862386727414,-0.010672090260250969,0.0071645466019569426,0.04755414541277929
1ULR,1|A|53|.,51,A,53,.,-0.007987027208967845,-0.06195052938450203,-0.025580156161831836,-0.06565333095329777,-0.04208045472647143,-0.08241646267628852,-0.11297127444445848,-0.11442223616319418,0.0027830850614285296,0.013385236272145846,-0.019562930121399376,-0.07787262680242378,-0.10519909911882479,0.006155461538092481,-0.0030432767594709277,0.009143899276626968,0.012677103273211685,0.013087178002749483,-0.00310422967133718,7.054836928659824e-05,-0.004646189580174393,0.0010077104051164553,0.014554393777869308,0.00856223370544015,0.004094548787340812,1.3444219948723912e-05,0.0024195054342722243,-0.0022240447242865002,0.0021545554055962413,0.007563643534509481,-0.001684027415035274,0.0,0.007465813423735312,-0.0025850379151488314,-0.006722452359867361,0.0037199746407077326,-0.0005548141120853245
1ULR,1|A|54|.,52,A,54,.,-0.011130711066747097,-0.0596368940042538,-0.006599966991051076,-0.04412783337754291,0.03554253188067662,-0.06640414337031246,0.007761131262219579,-0.12110736699664613,-0.011494740159138246,0.02855713315696022,-0.028195010478787596,-0.08287641373108415,-0.026072327870103253,0.0013819759636857043,-0.0028896236658219722,-0.0057632325055504904,0.000576106705346433,0.0037052411180487255,-0.006782976097627795,6.417328464067396e-05,0.0028163502370395577,0.000884632163340342,0.005268364899424825,0.004211263989403164,0.01635856189899286,-2.920755264312902e-08,0.012180120053066616,-0.0023150616891476263,0.0003917458605312163,0.004218638516905884,0.020289480509422902,0.0,0.021090279270987083,-0.0014968604277052577,-0.003458506441492091,0.002604953660721492,0.018240073930419667
1ULR,1|A|55|.,53,A,55,.,-0.0149564523917482,-0.07342548748939322,-0.00982537322446234,-0.0527259795531657,0.025290567500659902,-0.0750674677778079,0.0770731369890325,-0.1255816569426567,-0.015124917082847845,0.05210000197904407,-0.032535837417381114,-0.08093180865641102,-0.04005469957237381,0.003451229617435274,-0.0015216304037119243,-0.004735957762891303,0.005836350170762614,0.0051432197545189596,-0.002132448974502381,2.0756784012974096e-05,0.003840455786391885,-0.0019659276561021953,0.007218632895774419,0.0021550140179006404,0.012239894930715992,6.609002139157383e-07,0.0032078170389814886,-0.0018457446952740498,-0.0009869653419430336,0.004266669126248814,0.03326369901872681,0.0,0.009807486991281849,-0.00013860440687693654,-0.0032555842051019113,0.002977128520430199,0.03709590733533503
1ULR,1|A|56|.,54,A,56,.,-0.01023884557570483,-0.051262147172126904,-0.025154996736237365,-0.050586954438257906,-0.04460912944196466,-0.06515335111903774,-0.12293051553905507,-0.10446701684813937,0.0004523092929944994,-0.01927244548150881,-0.025368809308977516,-0.08206843309260506,-0.10294140559067073,0.00024817420793027623,-0.0019644235390275356,0.0005114633122701662,0.015235973403912553,0.015836457052567567,0.00047067728513695785,5.7973980085535e-05,0.010691031387501652,0.0021493463970072924,0.014419714530444877,0.01689577830475983,-0.005796896316780504,1.0628516320139169e-05,0.01628448644715508,0.00011511885344020812,0.0034499471604718932,0.010082953102866554,-0.023595039574549333,0.0,0.018425920773440792,-0.0018936613682022595,-0.0066095039809289345,0.007233867271591237,-0.02713563297054975
1ULR,1|A|57|.,55,A,57,.,-0.004745192734320938,-0.0507648860671074,-0.0028326148026627607,-0.04223316645415849,-0.03288436005698486,-0.06690144209782745,-0.08975470066628916,-0.10110765034083585,0.0033766888336364785,-0.031967968775954606,-0.020476645848683007,-0.07340811057162683,-0.045546171431814456,0.004275926099404046,-0.0033196866787922373,-0.004238654887927851,0.00039780815095781465,0.01026400004566824,-0.003907086040729552,2.9231907789721844e-05,0.004548665269375647,-0.0006857472195459024,0.012972123092322789,0.014697908055526909,0.015194186099937638,1.1138587724417449e-05,0.008109127756547032,-0.001978105421545422,-5.2394907918866804e-05,0.006711063564402622,0.015377636638270076,0.0,0.013645324448943761,-0.0029435412327605093,-0.0012334633692407237,0.010972364268576484,0.011108075706081308
1ULR,1|A|58|.,56,A,58,.,-0.013699140078304594,-0.05121483539619987,-0.011315679982832592,-0.053972652399004915,0.03782608410005594,-0.06549118653599549,0.1363034049818927,-0.1048427972642537,-0.01561918791673321,0.026596133682278093,-0.031793166194987066,-0.0599522377893706,-0.010508729234645955,-0.002532103024768162,0.002104272134929488,-0.006648658489420427,-0.0009008322062322805,0.0022446985149409213,-0.0020204710675574234,-4.560208399198018e-06,0.00039068527835183886,0.00023288324165250175,-0.007956051171378249,-0.0014565081845111648,0.0007452826077586394,-3.5604423646873326e-05,-0.00016481483070947432,0.0029737994734574612,-0.001880510784837668,0.003141737168516556,0.024935389724804368,0.0,-0.004136004172832592,0.0034080054985088284,0.011475619799451806,0.0004321521006326634,0.034599388300738096
1ULR,1|A|59|.,57,A,59,.,-0.014070841412916764,-0.04842719904185713,-0.008546524241872789,-0.046973617477990504,0.018508587767498454,-0.061741461251374544,0.007062428741205622,-0.11126209989270229,-0.008253467096022291,-0.022741354305511975,-0.026620009656681987,-0.08681496318883603,-0.06574092110553437,-0.007463719477448194,-0.006138485401700677,-0.00799587949903767,0.0027442323516601165,0.0062049367949511235,-0.0024569866460424803,0.00011953780130852465,0.003748389267571781,-0.0004813148838262293,0.00558898703341967,0.005886727066784658,-0.00768087572197615,1.4947806303098332e-05,-0.004560330958498184,-0.0027918012794829394,0.0005167737529134441,0.0054281973409352705,-0.000841647986577243,0.0,-0.019199668417215463,-0.0029367648387248835,-0.005765396819263913,0.00109316261728992,-0.00612162774057424
1ULR,1|A|60|.,58,A,60,.,-0.0054343742536401155,-0.04089707679441773,-0.0042856582920170186,-0.04004032971215828,-0.05325955706480414,-0.05943686454482531,-0.16378585177076174,-0.09635704546105195,-0.006773872977594592,-0.08036114268877981,-0.023868313180372525,-0.06213818636460047,-0.06269712135368735,0.008202761692460285,-0.005413885456613485,-0.0021520157930203254,0.009346878202298398,0.013358352713303673,-0.004192038335208679,5.634891332817915e-05,0.0071977821632575,-0.0006756957712188694,0.018688588521126946,0.019803635202970894,0.0017877304113365256,1.0908201729762368e-05,0.006934721717901517,-0.004776455285470149,0.0035326093704687624,0.008090499570265735,0.013765159765335539,0.0,0.011584946921697536,-0.006218718974662494,-0.00629022229441631,0.010720866227522982,-0.0016395210901251288
1ULR,1|A|61|.,59,A,61,.,0.0001010751054877801,-0.034898723319298205,-0.004424880312661941,-0.05716390835624963,0.005143456094061207,-0.058444844614609505,-0.03640750525326425,-0.1117295665905521,-0.005385850478455154,-0.004060528623534196,-0.0014019088002453373,-0.024104066416840056,-0.047938869853957726,0.001030920525593615,-0.0020912941463217295,-0.008621543832884982,0.005236994987935475,0.0011746420558980475,-0.006295154248864776,9.447840556504162e-05,-0.003742098340481732,-0.0022522475868339597,0.011510820350091962,0.009638324806918206,0.006649381720356047,8.694057105458342e-06,-0.0030627443394371312,-0.0046988089122251605,-0.002060818374253053,0.005499946427186444,0.015935385731342535,0.0,0.008390585957706307,-0.004600715752771976,-0.002000647500267121,0.0064194446606222755,0.023474108484269608
1ULR,1|A|62|.,60,A,62,.,0.0014873436899239323,-0.05513126755318165,0.0010769036613746152,-0.056184084535761375,0.009800434429019731,-0.07677668124969131,0.042993679631611596,-0.11563304349158017,-0.005645745747576711,0.025960882561610957,-0.001998785679179491,-0.0021879275335936654,-0.0076721557772818725,0.002953108783756875,-0.004425840139678599,-0.005991772313418409,-0.002716424072975201,-0.00381839701499473,-0.006111643705079075,2.7823025702673477e-05,0.005336466173476424,-0.004580888943047299,0.006739497615197223,0.008798203047238929,0.01997725968410009,1.5629507288394962e-06,0.0013706236805273875,0.006412487289984483,0.0006501410515976147,0.004840051696241972,0.036364201212241765,0.0,-0.0040441873013989495,0.005156408132812089,-0.0027969067807686087,0.004614913190105483,0.050660794412240195
1ULR,1|A|63|.,61,A,63,.,0.004750859985934426,-0.031372380576355,-0.015379705445511647,-0.04221373780950813,-0.0443776734144842,-0.06981667514497956,-0.0895359152227529,-0.08196610881867741,0.018787726751606046,0.006493242960382872,0.004708407138763277,-0.016964224421579955,-0.06933809535950132,0.005122171572939465,0.00039628995791105123,-0.007934031710491354,0.005437373465653082,-0.0005492534492466916,-0.007052191069522849,1.256018012554705e-05,0.007775100342626899,-0.0037667900151043907,0.015637078011382782,0.0174128683835724,-0.0011598566864178394,1.8467487388988958e-05,0.004251244815595072,-0.0027222280486081728,0.0010625896150524027,0.007886298787463488,0.005019541356048762,0.0,0.00877851816212722,-0.0016776738440148619,-0.0025984936639974875,0.010807633718275369,0.00015548341811324917
1ULR,1|A|64|.,62,A,64,.,0.009118785499576915,-0.05525334421337568,-0.001617104741557398,-0.05073332233493488,0.004701548967515805,-0.08803940145726699,0.08514286884599997,-0.11015944278229824,-0.006834754856294012,0.05958911908341889,0.030172222688162834,0.015894355254948776,-0.01965465483034393,0.0021694450847354572,-0.004287378887530764,0.0013368208221190515,0.004384455824525162,0.0016754382622849561,0.003809092191839625,0.0001305950868254513,0.015009353426451924,0.006919084884902063,0.002666550251883848,0.010571525104692654,0.020550496732005853,-3.6934464787918842e-06,0.015477370968197875,0.01657462642863095,0.0013247299965270542,0.013118194413293623,0.042757573901623686,0.0,0.026493636670291636,0.018729455180925357,-0.0013685341713662068,0.013576461968560523,0.059490519306473574
1ULR,1|A|65|.,63,A,65,.,0.017930902310432373,-0.03223473566030248,0.062301691054873626,-0.028761498850100934,0.07649603401355903,-0.057923193490873146,0.19225731521689454,-0.09108215336819626,0.06856554813891932,0.10324857181953774,0.07234789866572285,0.15684194810265667,0.19649688955658434,0.0004359387047566088,-0.0021529445972919346,-0.0054861007129295555,-0.008341614816733057,0.0025635543311946663,-0.015565450019523723,4.006365846180415e-05,0.007182940639185133,0.0036888615545310442,0.004793536374606618,0.0004505778711914843,0.02138933461805962,6.463002137024887e-08,0.03974021243862609,0.012405835516437235,0.004044592000482226,-0.03011835254704465,0.03342596929394062,0.0,0.05064362916520814,0.00925331666595639,0.0017842118838126452,-0.02349949879091909,0.04898761730242015
1ULR,1|A|66|.,64,A,66,.,0.010580740437855524,-0.027634177746809145,0.0273580486741443,-0.03699909512043824,0.057442033369345606,-0.05833215853677842,0.20699577527659044,-0.05810494748477936,0.001702193481583123,0.1510861173661741,0.019523787112070465,0.09561535528204984,0.09099205387106636,0.003355282444907175,-0.001776469249345638,0.002632806118470299,-0.004393242282690082,-0.0022301405291304376,-0.003674638539937689,-4.19722910692144e-06,0.02212815977443029,0.008158359816535708,0.0012806682496250233,0.0007176770129955657,0.015177973399535744,-1.3676228854819783e-05,0.036965863610565745,0.02628919201867049,0.006843155077243885,0.007565296190558399,0.0362255956148897,0.0,0.04464454421310933,0.049290179087995795,0.009936682848391741,-0.0025284556687523007,0.049555732122664155
1ULR,1|A|67|.,65,A,67,.,-0.009601607304513777,-0.08729361822273646,-0.01404092410126907,-0.06802075158634324,0.02400256911138115,-0.09537419457828633,0.023731519774244703,-0.12493352767880822,-0.002666405907566798,0.07858085477114259,0.0005382430252444692,-0.07580808568591266,-0.07379386392126691,0.0038098986471737815,-0.003840229768954906,-0.0011445148420121142,-5.842430413594002e-06,-0.0009658681962915239,-0.0015739388938078491,9.349626729772353e-05,0.00913054046410373,-0.002440237576085309,0.008078250618715827,0.00333098921811569,0.004795022550560759,6.873439451737795e-06,0.030314593518035834,0.003114770854292175,0.0030193748942423325,0.0024627447440136053,0.04294262698490854,0.0,0.0455996027545099,0.006830720647906077,-0.0059389896937096865,0.004211268311703407,0.04986190541503831
1ULR,1|A|68|.,66,A,68,.,0.00473144378010602,-0.04823152007202322,-0.003018543610506015,-0.04193190211343506,0.014038897560697023,-0.07202119368312082,0.10456039833504953,-0.11387713772687107,-0.009396085902845073,0.09585955896949627,-0.012903956300819175,0.0009039315762339584,-0.01519886427171258,0.00040248120602313974,-0.0018427770598287907,0.0024593904702827274,-0.004839169300050088,0.0015895064787193292,0.0029513493572665083,2.0292942344894982e-05,0.019027577879962506,-0.0016440967907627169,0.0033951404373243578,0.005025934701992299,0.02229358831264477,1.3618642060464481e-06,0.034504746251164134,0.009152658532512419,-0.0010043700653569942,0.009105851671209279,0.05091934234392682,0.0,0.056177075061450664,0.01266135699955754,8.301346329062653e-06,0.005110254836124852,0.06403898922419131
1ULR,1|A|69|.,67,A,69,.,0.0010441328844166264,-0.06310943256829717,-0.015324439886712752,-0.06317427598056753,-0.008973507531642326,-0.08220485636619031,3.7431513454464494e-05,-0.11332135361090508,-0.008143746808285642,0.04896059628575472,-0.011413166820224774,-0.04461184274691561,-0.07518698212501192,0.0025134765867005624,-0.004041184729938827,-0.004880902998094996,-0.0010869050176643214,-0.0010051686691551253,-0.0014347990945250899,0.00012503211845114493,0.004092316566440459,-0.002440021243912298,0.008711052241340838,0.0010514092134245344,0.0016410225532010258,8.30867254990153e-06,0.019047278445213037,0.0031246802012125843,-0.0010127801637574408,0.0019746219749572445,0.015560991151176894,0.0,0.030253540160388184,0.005591937088802013,-0.004475007283253376,-0.0008529868253222616,0.016317445400003124
1ULR,1|A|70|.,68,A,70,.,0.002549029795837896,-0.0416588702237064,-0.0021133483425231246,-0.045574567047404174,0.048872090708542544,-0.07039889025660784,0.14888954495617257,-0.10012075881321067,-0.0014538988396390095,0.1439363821879004,-0.02501653788921345,0.0262093097422553,0.03909994150380555,0.0023691432311460404,-0.0015192557650621553,0.004908563216714299,-0.0049868044291586245,-0.002825551411279861,-0.0021594774167965625,9.518684012164159e-05,0.02712522769388542,0.0031061275731369166,0.0006650631265861761,0.0015020843001512674,0.011691716176374883,-9.811348522816843e-06,0.02935433159292188,0.0036736485589565857,0.0031598522638836357,0.0036223475517550697,0.04201997104684722,0.0,0.04062815331060385,0.015700136715975647,0.007942562707378897,0.012227533846075644,0.05520365821728035
1ULR,1|A|71|.,69,A,71,.,0.005419502064433175,-0.05137202078064231,-0.000694693776391091,-0.05288955493047581,0.034675443411603626,-0.06694985884891139,0.09629057233715088,-0.12681576704327596,-0.012141976323434491,0.09733059085377477,-0.002582060305924756,-0.010414078918903441,0.022065580955426684,0.0013146622573748346,-0.006369326796377663,-0.0027573898023312894,-0.0002258820596176747,-0.0005560264533571058,-0.004098414344397838,-3.4130182893932214e-06,0.004304048238640518,-0.005313026617155927,0.0052285652871259455,0.003580515771962496,0.012891130305432342,1.9804484509222676e-06,0.019742397637383818,-1.6461036547070763e-05,-0.003176302766048451,0.0010416681335405542,0.03633773381712444,0.0,0.03810844396860091,0.0013606612257169104,-0.003138917952854001,0.0012855601758806755,0.03859727388202885
1ULR,1|A|72|.,70,A,72,.,0.006293143998890968,-0.04366409233610927,-0.01931633766483557,-0.04852326790864794,-0.040713000985595896,-0.07930666987303425,-0.0036938247351595522,-0.11535941847171642,-0.006453273031612525,0.039665122984453946,-0.02723911208126282,-0.04452991931960639,-0.05894193562594765,0.0017800361237374318,-0.004423351820836068,-0.005226046871335512,-0.00038240805806395885,-0.0007014722028684162,-0.00614622420330079,0.00018794798939779866,-0.0033568446238857064,-0.0015437345250171575,0.00958890857279826,0.009490795978181693,0.0047658678330783745,6.257195345824584e-06,-0.00024901178453689,-9.44567409658248e-05,0.0002392938081374041,0.0032144687081441248,-2.5533724595447894e-05,0.0,0.00041968524863236214,0.0009655168153548744,-0.0035976436174954074,0.005127949666749032,-0.001337912415760769
1ULR,1|A|73|.,71,A,73,.,0.0018561162599831959,-0.05138830584557569,0.02937850806995982,-0.03679308835561791,0.03265847785543088,-0.07272826186876984,0.09547220352168723,-0.11293647578705049,-0.007694753682236453,0.0647545693824327,-0.03025743618855614,0.0221371539546152,0.03246960322110667,0.0017394164497756036,-0.0087200689614982,-0.0026794828370474023,-0.010692134769647978,-0.003228002189165409,0.00306490886010522,-7.323658164523294e-05,0.0023876939234844484,-0.00408433144589452,0.005575123365803733,-0.0053419690630997965,0.01304724627896178,-1.561804994707927e-05,0.01423349025442036,-0.003136164852074899,0.002018857802547984,0.0057277377738739685,0.03524031603874448,0.0,0.02036866979477459,-0.0005780126510990158,0.0032481422141341907,-0.0020751982390616063,0.04260932526091949
1ULR,1|A|74|.,72,A,74,.,0.0021743719995253484,-0.06082040972798865,-0.004824843128001533,-0.05259763308136712,0.03079677692866994,-0.0785389073099438,0.0885251206594684,-0.1374416556690386,-0.009514365410168181,0.04311558178432364,-0.02857529408456486,-0.017033401364896436,0.03787573157821548,0.0002381904832131454,0.0006427946998610423,-0.004518834877659686,-0.009289504622806035,4.739941996348307e-05,0.0025858119463379125,-8.307305736252602e-05,-0.0029112792351514826,0.004172378287451011,0.0021726767428711467,-0.0014871826288150912,0.01578530595436746,-2.524119345252984e-06,0.0012467238520793699,0.008499358318358645,0.000756738256316396,-0.0005805228618396541,0.03377869381056286,0.0,0.0074165718762564834,0.012143617901317611,0.0029382202901902586,-0.0018825993467614665,0.04144509688616807
1ULR,1|A|75|.,73,A,75,.,0.013789415755370484,-0.04210044094339548,0.03379052420611373,-0.05305337437502288,0.05486931879049621,-0.05693743446471515,0.19033209772767407,-0.09031729190607649,-0.0023697927169405377,0.09346937860005852,0.006222091359497313,0.07127217632889568,0.11121011811700371,0.0005900810338417273,0.0008106420855806107,0.006017072315381356,-0.0041307184229548,-0.00834466610616431,-0.005465428275101374,2.059999154198522e-05,-0.0028796648649458234,0.00040818069343735887,0.0033053660941709494,-0.007420201387734693,0.0019162036643760416,-3.4699118249363895e-05,0.01684947288445372,0.0012657906370137084,0.0032243301362605338,0.0006957119734897787,0.02131317455826803,0.0,0.025776460001049484,0.0003054915342363529,0.004853467932629485,0.003344899294656827,0.014817413670394046
1ULR,1|A|76|.,74,A,76,.,0.002897841303736186,-0.044632580597763295,-0.004162367696106628,-0.053070965799396956,0.036446294336155344,-0.06469071820532235,0.14499312262374503,-0.11863206327333373,-0.00998531968692106,0.11371319597395796,-0.026663481473659375,-0.001810825412145789,0.05092739655634709,0.003209255721401405,-0.004571857933439958,-0.004547655376647768,-0.007825930186911663,-0.006413612230634271,-0.007885093453370757,1.9715920166163416e-05,-0.003058771178206996,-0.0024350567105150844,-0.001429493965845836,-0.002141090437566362,0.004529012132671824,-1.3561441637648386e-05,0.004376007882765692,-0.0006785736440664891,0.0030917980055221506,0.00016146778846973575,0.01935768070960478,0.0,0.003737515074665083,-0.0027585803417497345,0.006052294049738407,-0.00025269249764711785,0.018511101946210716
1ULR,1|A|77|.,75,A,77,.,0.011476086957284224,-0.030043190373916104,0.008644622449545523,-0.039648202999201486,0.061061756778013315,-0.07367297999139488,0.18781489316989805,-0.0993575005759557,-0.008349268293903193,0.13857652999247336,-0.014875531296394654,0.016722432368228225,0.05923032068314612,0.0034046606850557737,0.003069715101140247,-0.004370209592559107,-0.00648467747161483,-0.0008345448015887769,-0.008772204702153771,1.531745480860991e-05,0.015109840834207943,-0.002164183159241091,0.0009537654364228842,-0.0001752641607132688,0.02813676789094046,-1.2112569693272235e-05,0.01450905136981703,-0.001352463078049908,0.019167578365146768,0.015198564044304703,0.03333462933713406,0.0,0.037407869406568255,-0.002114672575454506,0.01435986037477619,0.009758934976081051,0.04084435755060554
1ULR,1|A|78|.,76,A,78,.,0.0031993012963232557,-0.06080870189990792,0.029220575630021416,-0.04158532694977609,0.06471877981589301,-0.06593679296121646,0.2018469164482572,-0.09940776658655551,-0.01098782717608877,0.12186863015505793,-0.018086014837971617,0.05342359828779791,0.07468054244402907,0.002264992480240835,0.000921433104930287,-0.005899831176687158,-0.012295693369589387,-0.0012512223181380478,-0.004036854719362282,-9.64881577090182e-05,0.02444499629875125,-0.006870107222306387,-0.0016560332645724428,-0.004548267008483933,0.022885081690660627,-1.4488037068076665e-05,0.016625609039508618,-0.0021091740726022577,0.007373239436776089,0.010258275076863867,0.028068461881465227,0.0,0.0411531329614143,-0.0025407580262475447,0.015294649134930581,-6.86128936245467e-05,0.027725739094907453
1ULR,1|A|79|.,77,A,79,.,-0.008303595546903181,-0.05833649701485683,-0.002345283894869965,-0.04875135161451709,0.043806033486119986,-0.08030903007363335,0.1395361292127886,-0.1206914084472706,-0.008109461718344164,0.12939615975547866,-0.026435141005959794,-0.005883978759639632,-0.001399934087552026,0.004722297262608208,0.000366725176535283,-0.0023123898589625467,-0.006139729839190693,-0.0011249301305534232,-0.005925609676532417,3.0212877991289133e-05,0.013490431017108903,-0.0019067767612851582,-0.0013650693819231207,-0.0027777466327590615,0.011827565061109909,-1.1988670330538298e-05,0.0017698369481647092,-0.004141355498053656,0.007149217536488664,0.006612891153977785,0.02579484604727085,0.0,0.052872937196240886,-0.0010287781133558839,0.011703549199547183,0.007375789753654445,0.027363907739064074
1ULR,1|A|80|.,78,A,80,.,0.009046267989814396,-0.03695614022958704,0.05701799360156258,-0.026569914732768325,0.0649716272405945,-0.05657457128555507,0.219160780355663,-0.0761073952255154,-0.0029100918923481347,0.1284599002199144,0.05194828232139656,0.18852221121569954,0.2573428539490516,0.00025321468683046076,0.030903874855608818,0.009343763431405633,0.004619375670764612,-0.00899203153478652,0.005706377350473133,-1.604765857109669e-05,0.00961574971773075,-0.007425183918465521,-0.001988471496916304,-0.0015460784321126653,0.002183059933877587,-1.50783021672396e-05,0.036704823145396685,-0.0022900570401166932,0.00076492313338548,-0.0065886262939415016,0.020008467330821348,0.0,0.02734504403939697,-0.005329648245578369,-0.009775120017631877,-0.011772447219233585,0.01578669969487464
1ULR,1|A|81|.,79,A,81,.,0.01884710790453113,-0.030541421019201032,0.06621683855169494,-0.02325582571849196,0.06865755126298297,-0.04823096265185832,0.21782686324858333,-0.08044840853736474,-0.0024881675643260337,0.13349579064266265,0.052960981493443596,0.1895775117753601,0.2559824587249864,-0.0010146915199044314,0.01687174130886831,0.01065582746673833,0.006770457226825499,-0.01073293542898142,0.018778750173110835,-0.0001061632775349608,0.010566712969592799,-0.0020394995771884084,0.007226123639983939,-0.011757920031024298,0.0004974214551074852,-1.7046891698555556e-05,0.03197322343142815,0.004413017350985058,0.013945363276987166,-0.010416599027246462,-0.00018067013503710426,0.0,0.03140728116121069,-0.004658807206836002,-0.006648416744599501,-0.012993648074794351,0.007917768483489454
1ULR,1|A|82|.,80,A,82,.,0.003476230584459472,-0.04995732657633493,-0.002283852673850788,-0.0528509937652683,0.007028858805758205,-0.06217751070338011,0.16167456339460215,-0.10652188913161467,-0.00422745850760208,0.10114542323515081,0.011836758758621216,0.0239623893087213,0.045240460564531876,0.0037597919015195202,0.012242033656662842,0.00388812136723061,0.000150473026957485,-0.00863205361769559,0.006044117547946257,8.226806583934376e-05,0.014269621844008214,-0.002804377604748467,0.0025693479899692308,0.0006393966113319038,0.002236099474170601,-7.709310548307258e-06,0.0074065025303443124,-0.00405345723663487,0.0007071732875678549,0.0061239707053766775,-0.011130992558602486,0.0,0.02814770157613765,-0.0066330538281144415,-0.001906364011763344,-0.005890214239976501,-0.006532270885933258
1ULR,1|A|83|.,81,A,83,.,0.007406678433659692,-0.040056924283139894,0.03268640367679865,-0.042345300735909176,0.04870052553402104,-0.06704207654308192,0.1901203229546428,-0.08735417597835408,-0.0034209129464215947,0.12892867400938116,-0.002138923326317581,0.07649267819430662,0.0824469499568147,0.004413998324524755,0.01912691506693008,-0.00028960090772102377,-0.006155655635518826,-0.0033629726704069184,-0.004845660754314736,-8.615224165396284e-05,0.010376705099362055,0.003572702917116075,0.0016032339058233446,-0.0022622484428843847,0.003941025416836084,-1.7809381224651587e-05,0.0072257050743549205,0.0013201329566246045,0.0075407137487524525,0.009396732202646092,0.01830080108353542,0.0,0.037808518494908724,-0.0058947324998302976,0.002332920782186818,0.0008057676725301377,0.0325519468368887
1ULR,1|A|84|.,82,A,84,.,0.015386941189295556,-0.039741592818942274,-0.00246257244552055,-0.062349879131074884,0.021264883337894388,-0.06113301137359486,0.1200594376325153,-0.1212367211613136,-0.0069142968063553665,0.08939881567332066,-0.00919094912029891,0.02486117957740191,0.02766510014768528,0.0020239526406123786,0.004544004728908249,0.004223746620216389,0.009259151079395593,0.006289227385989875,0.0026603624253729663,4.2662392720558275e-05,0.00885969979572394,-0.0018747314671685444,0.004958283271067216,-0.001602469411898113,-0.0037438225077477227,-2.1514465515792834e-07,0.0031217423775024146,-0.004627695200236417,-0.0015256313501629392,-0.0015558802904257617,-0.004992295321752067,0.0,0.034458088413216785,-0.008773913555405102,-0.005140473674453574,-0.00298581483155715,-0.001345006618068396
1ULR,1|A|85|.,83,A,85,.,-0.007784830235471247,-0.058836732322290856,-0.022173299471330524,-0.06379693090644956,-0.04679619211211744,-0.09548389262326872,-0.01847564948582715,-0.12349651538970655,-0.011789301488895915,0.055993423554751585,-0.015133394773301915,-0.07590522766271306,-0.08650830261531325,0.0008244413920394323,0.00022684348308644076,0.00470431815858646,0.015377515270018023,0.01301653698939063,0.0014445993647439082,0.00011715363351640917,0.009444455309720467,-0.0005910744680056723,0.00934430161522812,0.009032343336475037,-0.010796774795732204,5.454014717543032e-06,0.010253937603390604,-0.0003441738550230866,-0.003138692390785991,0.004588966861315811,-0.015711741224548773,0.0,0.031413499140261224,-0.0035744511713160423,-0.007477338985949587,0.0017156225478038322,-0.021284837171461676
1ULR,1|A|86|.,84,A,86,.,0.009164933211586117,-0.03986194590227623,-0.0022380301594262164,-0.04797524724126134,0.01249742016439086,-0.05738024488894581,0.07323965791790116,-0.11277702058306147,-0.0059385428252352315,0.06295860902758563,-0.003664237738863392,0.003146696525285506,0.016474439512488174,0.002584627796157406,0.0008045161646134603,0.006858217232083916,0.01143461200266671,0.002434947956675515,-0.0022531663065390715,6.234694136537655e-05,0.007725682320064493,-0.0008303588713315691,0.0063003483257170955,0.001324622587796398,0.004423745703634268,1.0134266835848394e-06,0.011444594640244929,-0.004501633795250655,-0.0017506742374180817,0.002014453659591595,0.007556985401314478,0.0,0.007918499514643572,-0.008136026636390738,-0.007070373432982819,0.0020815617050422477,0.0014237495470163708
1ULR,1|A|87|.,85,A,87,.,0.003982642814192161,-0.057434585130670256,-0.0010226264444986556,-0.04477501395005895,0.04411096470891095,-0.07012694045323314,0.07586820764170753,-0.11853548631774459,-0.008477405409098537,0.06422204228435106,-0.020769994083311757,-0.0018309210967913715,-0.016265483622779586,0.0007498292439419174,-0.0037302294530653056,-0.0028634428575034575,0.004836589081882465,0.006739724290330856,-0.002617275124162575,6.944753284187754e-05,0.006392231364211512,-0.0011200685366607387,0.002601828986357475,0.006090028216456744,-0.0029884988517449073,-1.6996175963868155e-06,0.019214861932690466,0.0010792045470282118,0.0023802732005621862,0.0008416536722663182,0.0004989268152820614,0.0,0.017136592246278896,0.0018801038294162708,0.0018124530775838821,0.0006629563157525809,-0.008414615939278463
1ULR,1|A|88|.,86,A,88,.,0.0025004379577579527,-0.02011209716440362,0.05776481847764359,-0.03686476816592915,0.05672823426166161,-0.05884770389253397,0.15727642086310525,-0.09753355974219886,0.016960899554996516,0.08573546289545007,0.13151786862048995,0.17302985427330525,0.2321956499504509,0.002113727589342318,-0.0022647049080605085,-0.006730424641836877,-0.004469661459773135,-0.008738465296057143,-0.017758691631534873,-0.00015245592913515793,0.0063677480915196585,0.00015913330961488725,0.003965779103190812,-0.008052567000997754,0.004381148973017161,-5.363361386116594e-05,0.01652094922420247,0.008984811867466646,0.005999051919109491,-0.0020893001347545236,0.02638860504599279,0.0,0.022627865344002202,0.005611728291009115,0.010957580559842625,-0.02011934581606873,0.020797874744601756
