protocol,mode,protein_id,cluster_id,fold,n_residues,pcc,spearman,rmse_z
cluster,graph+center0,1ABA,cluster_1ABA,4,87,0.6517842778779884,0.7195425343170231,0.7638812140247919
cluster,graph+center0,1AHO,cluster_1AHO,3,64,0.6456471730350879,0.7415606864117529,0.7666251487377088
cluster,graph+center0,1AIE,cluster_1AIE,4,31,0.6757168596251104,0.46048387096774196,0.7516378627419186
cluster,graph+center0,1AKG,cluster_1AKG,2,16,0.4928410754311938,0.6975719327807334,0.8723749008887426
cluster,graph+center0,1ATG,cluster_1ATG,5,231,0.5327380694066294,0.5764102629060777,0.852845462731744
cluster,graph+center0,1BGF,cluster_1BGF,2,124,0.6135137938156225,0.4389285169418418,0.7922309927234714
cluster,graph+center0,1BX7,cluster_1BX7,2,51,0.5865587808989259,0.26796380090497735,0.8635022955976351
cluster,graph+center0,1BYI,cluster_1BYI,5,224,0.5393746222926391,0.6072442224966611,0.8473074856632251
cluster,graph+center0,1CCR,cluster_1CCR,5,111,0.5205127629009522,0.5276300001926403,0.8544889394787641
cluster,graph+center0,1CYO,cluster_1CYO,2,88,0.6473610963311027,0.5667350588886819,0.7675648386503772
cluster,graph+center0,1DF4,cluster_1DF4,5,57,0.9140525464972769,0.8153357531760437,0.5592987940298522
cluster,graph+center0,1E5K,cluster_1E5K,3,188,0.7625107643371521,0.7553315893301624,0.660112070386165
cluster,graph+center0,1ES5,cluster_1ES5,3,260,0.6435977220882892,0.7228167583367978,0.7712182855337301
cluster,graph+center0,1ETL,cluster_1ETL,3,12,0.6930939514291834,0.662643032056474,0.7957384779738447
cluster,graph+center0,1ETM,cluster_1ETM,1,12,0.570580061061402,0.4798688889979563,0.8504644176334604
cluster,graph+center0,1ETN,cluster_1ETN,4,12,-0.12915493149811827,0.007391404949863532,1.2249193156195441
cluster,graph+center0,1EW4,cluster_1EW4,2,106,0.6106985070304537,0.6483844802582306,0.7926694377399777
cluster,graph+center0,1F8R,cluster_1F8R,3,1932,0.7785288180013604,0.7525055121847607,0.6690627818966894
cluster,graph+center0,1FF4,cluster_1FF4,4,65,0.622654488324768,0.5939094614587651,0.7854059947784525
cluster,graph+center0,1FK5,cluster_1FK5,2,93,0.5777146927535196,0.5311897346323606,0.8233399302910687
cluster,graph+center0,1GCO,cluster_1GCO,4,1044,0.6546631957418496,0.6344720465633603,0.7667090333868414
cluster,graph+center0,1GK7,cluster_1GK7,3,39,0.7939002454514892,0.6338377456368852,0.6314489359663907
cluster,graph+center0,1GVD,cluster_1GVD,3,52,0.7037329992068323,0.6180017503702246,0.7209447463243273
cluster,graph+center0,1GXU,cluster_1GXU,1,88,0.6116061126371781,0.6147011558048608,0.8018982682752551
cluster,graph+center0,1H6V,cluster_1H6V,2,2927,0.48205081083634205,0.5496820380576489,0.8933046483894788
cluster,graph+center0,1HJE,cluster_1HJE,4,13,0.7381186720151646,0.6648351648351648,0.7499310134364388
cluster,graph+center0,1I71,cluster_1I71,3,83,0.5566348685174992,0.5728979175888885,0.8315301661209549
cluster,graph+center0,1IDP,cluster_1IDP,2,441,0.7401907552459036,0.8658339593433012,0.6798766905056327
cluster,graph+center0,1IFR,cluster_1IFR,3,113,0.6518910270610724,0.7254172159604945,0.7784397213914451
cluster,graph+center0,1K8U,cluster_1K8U,2,89,0.5065018613722103,0.3749164747926142,0.879232029872717
cluster,graph+center0,1KMM,cluster_1KMM,4,1499,0.7173542109170892,0.7472335067521169,0.7029343866251938
cluster,graph+center0,1KNG,cluster_1KNG,1,144,0.516180379781266,0.4909522402965204,0.8619656556966268
cluster,graph+center0,1KR4,cluster_1KR4,3,110,0.6165266887479967,0.5675166357614263,0.7896657397088542
cluster,graph+center0,1KYC,cluster_1KYC,5,15,0.7771924468141439,0.7857142857142856,0.6961024088750669
cluster,graph+center0,1LR7,cluster_1LR7,1,73,0.5889951245073209,0.6584957615875384,0.8287710681016014
cluster,graph+center0,1MF7,cluster_1MF7,2,194,0.6780677156485632,0.760867233852432,0.7572961582981439
cluster,graph+center0,1N7E,cluster_1N7E,5,95,0.540843316602014,0.646472352418945,0.8413676487032711
cluster,graph+center0,1NKD,cluster_1NKD,1,59,0.6825394231720282,0.7296452172145323,0.7954409776157874
cluster,graph+center0,1NKO,cluster_1NKO,1,122,0.4886840704177293,0.7067644575837182,0.8990581158825566
cluster,graph+center0,1NLS,cluster_1NLS,5,237,0.5169745188400018,0.7379499792159839,0.8662083521985536
cluster,graph+center0,1NNX,cluster_1NNX,2,93,0.7546084506979406,0.8143865356541322,0.6665996089722671
cluster,graph+center0,1NOA,cluster_1NOA,4,113,0.5507455361634113,0.5017154549360984,0.8381615028170111
cluster,graph+center0,1NOT,cluster_1NOT,3,13,0.5673553551835795,0.6208791208791209,0.8566418298619322
cluster,graph+center0,1O06,cluster_1O06,1,20,0.9195066539964467,0.6932330827067669,0.4235175842976181
cluster,graph+center0,1O08,cluster_1O08,5,221,0.343416830693509,0.6211291544922608,0.9665752475134864
cluster,graph+center0,1OB4,cluster_1OB4,1,16,0.5368895241735123,0.4588235294117647,0.8719169722006812
cluster,graph+center0,1OB7,cluster_1OB7,4,16,0.5612190191584256,0.8550407024168906,0.8371792170082887
cluster,graph+center0,1OPD,cluster_1OPD,2,85,0.41675217127302333,0.4374850375518188,0.9140984998243598
cluster,graph+center0,1P9I,cluster_1P9I,2,29,0.6608461990581056,0.4916256157635467,0.7586441114259617
cluster,graph+center0,1PEF,cluster_1PEF,5,18,0.8532749340647693,0.8617131062951496,0.5640266257029305
cluster,graph+center0,1PEN,cluster_1PEN,5,16,0.47981373556203316,0.4032377839281032,0.8825897512040212
cluster,graph+center0,1PMY,cluster_1PMY,4,123,0.6802385727663497,0.5963395051103948,0.7573896335912992
cluster,graph+center0,1PZ4,cluster_1PZ4,2,113,0.6760518944346544,0.6794060588028832,0.7454752542313665
cluster,graph+center0,1Q9B,cluster_1Q9B,2,43,0.7741277677590932,0.7546058592570221,0.6504123611328408
cluster,graph+center0,1QAU,cluster_1QAU,3,112,0.6578182178060603,0.6278368018810906,0.7634434693757515
cluster,graph+center0,1QKI,cluster_1QKI,1,3912,0.5261304142994699,0.5938228521328502,0.9051069359795344
cluster,graph+center0,1QTO,cluster_1QTO,2,122,0.5932099381789104,0.6128477959190158,0.8065137396816886
cluster,graph+center0,1R29,cluster_1R29,5,122,0.6045215659953206,0.5803148188428421,0.7988429962753534
cluster,graph+center0,1R7J,cluster_1R7J,1,90,0.782461861653242,0.5913502301534825,0.6482090948796341
cluster,graph+center0,1RJU,cluster_1RJU,4,36,0.36553695128936087,0.16885456885456887,0.9412373627098167
cluster,graph+center0,1RRO,cluster_1RRO,5,108,0.2846538884638059,0.21779900214082057,0.9748171016651712
cluster,graph+center0,1SAU,cluster_1SAU,1,114,0.6317056333659135,0.6338072095264815,0.7906036180089525
cluster,graph+center0,1TGR,cluster_1TGR,1,104,0.713510510678692,0.6507627021655751,0.7163740432290769
cluster,graph+center0,1TZV,cluster_1TZV,4,141,0.8122507529753796,0.7665989192736592,0.6143151410288162
cluster,graph+center0,1U06,cluster_1U06,2,55,0.5169701964021328,0.3148685943620876,0.8598712376464815
cluster,graph+center0,1U7I,cluster_1U7I,3,267,0.7538890297116668,0.7871405136512343,0.6725695002330007
cluster,graph+center0,1U9C,cluster_1U9C,1,221,0.582375299437595,0.40870674091256465,0.8224927398038603
cluster,graph+center0,1UHA,cluster_1UHA,1,82,0.6405117789255462,0.6900379849042827,0.7680509364763048
cluster,graph+center0,1UKU,cluster_1KR4,3,102,0.694748408068352,0.5392875318152373,0.7291704480005473
cluster,graph+center0,1ULR,cluster_1ULR,4,87,0.5737539967866814,0.6176635425170051,0.8330656284329807
cluster,graph+center0,1UOY,cluster_1UOY,5,64,0.6790787993379975,0.6216646253226125,0.7520499063757912
cluster,graph+center0,1USE,cluster_1USE,3,40,0.1232006813536199,-0.1277673545966229,1.1391110367905997
cluster,graph+center0,1USM,cluster_1USM,5,77,0.8147463251891178,0.7151974025957785,0.6079300054588387
cluster,graph+center0,1UTG,cluster_1UTG,4,70,0.6105135441133296,0.5246655994042022,0.8057821279337999
cluster,graph+center0,1V05,cluster_1V05,4,96,0.6136316006521214,0.5718607143867748,0.804960889526189
cluster,graph+center0,1V70,cluster_1V70,4,105,0.534329078779664,0.6207779553056405,0.8486709866760702
cluster,graph+center0,1VRZ,cluster_1VRZ,3,21,0.6972430669748718,0.7699806693672444,0.7679039020476491
cluster,graph+center0,1W2L,cluster_1W2L,4,97,0.5756953760700565,0.4148722837789793,0.8192226740850053
cluster,graph+center0,1WBE,cluster_1WBE,3,204,0.566409968342474,0.6190779425682225,0.8247208270866576
cluster,graph+center0,1WHI,cluster_1WHI,1,122,0.5296358087716013,0.6350924672990176,0.8530011679816816
cluster,graph+center0,1WLY,cluster_1WLY,5,322,0.6809591216210659,0.7120050766601899,0.7402198592281253
cluster,graph+center0,1WPA,cluster_1WPA,2,107,0.5893916458729063,0.3706965592344696,0.8130608530102468
cluster,graph+center0,1X3O,cluster_1X3O,3,80,0.5189335285036972,0.5426778169210446,0.8587971039493345
cluster,graph+center0,1XY1,cluster_1XY1,3,16,0.6679172350876699,0.5511144894914154,1.0391617975643814
cluster,graph+center0,1XY2,cluster_1XY2,3,8,0.5587404697214432,0.3273268353539886,0.8752684818520137
cluster,graph+center0,1Y6X,cluster_1Y6X,5,87,0.5038041154354762,0.5442905896507512,0.8717743173455377
cluster,graph+center0,1YJO,cluster_1YJO,5,6,0.3559310869618864,0.2571428571428572,1.060759296564411
cluster,graph+center0,1YZM,cluster_1YZM,5,46,0.7153941401581391,0.6026273602185488,0.7625242125997111
cluster,graph+center0,1Z21,cluster_1Z21,3,96,0.6254895375280526,0.639324192832118,0.7826262289841954
cluster,graph+center0,1ZCE,cluster_1ZCE,2,146,0.7512301018352672,0.7878938032988638,0.6926177045186147
cluster,graph+center0,1ZVA,cluster_1ZVA,1,75,0.5518932300443247,0.5360048944605633,0.8351905137638261
cluster,graph+center0,2A50,cluster_2A50,4,457,0.5579481343849813,0.6211272855279948,0.8439956316981092
cluster,graph+center0,2AGK,cluster_2AGK,2,233,0.6794489208689739,0.7135022343988632,0.7415650126772169
cluster,graph+center0,2AH1,cluster_2AH1,5,939,0.5304167091780215,0.5391019982320507,0.8636059984615428
cluster,graph+center0,2B0A,cluster_2B0A,4,186,0.6117567406617084,0.6367278013473466,0.800018433169606
cluster,graph+center0,2BCM,cluster_2BCM,4,413,0.5690168955116628,0.5111977884533578,0.8240402237554189
cluster,graph+center0,2BF9,cluster_2BF9,5,36,0.6074290741663693,0.5314370305103355,0.8258555202118677
cluster,graph+center0,2BRF,cluster_2BRF,4,100,0.7560049354981578,0.7019394642220529,0.6951784299580762
cluster,graph+center0,2C71,cluster_2C71,5,205,0.6358589099731704,0.6757558736538316,0.806820500527721
cluster,graph+center0,2CE0,cluster_2CE0,2,99,0.5921410331699558,0.5905879225732854,0.8083960582148063
cluster,graph+center0,2CG7,cluster_2CG7,5,90,0.5065108491063323,0.5016381029171559,0.8670634045704527
cluster,graph+center0,2COV,cluster_2COV,3,534,0.7873893438242807,0.7423647261931606,0.631337308972764
cluster,graph+center0,2CWS,cluster_2CWS,4,227,0.6728055760802808,0.7179416417191248,0.752614081393553
cluster,graph+center0,2D5W,cluster_2D5W,5,1214,0.7033291996353023,0.6705980899279889,0.7232717027736417
cluster,graph+center0,2DKO,cluster_2DKO,2,253,0.8003058660068223,0.6887019547055238,0.603644887607923
cluster,graph+center0,2DPL,cluster_2DPL,5,565,0.47154182296288777,0.5280512797402742,0.896636846583423
cluster,graph+center0,2DSX,cluster_2DSX,4,52,0.34455914700022255,0.2515742070089976,0.9395293747850215
cluster,graph+center0,2E10,cluster_2E10,5,439,0.7703269655591419,0.8029916507028869,0.6463472712708375
cluster,graph+center0,2E3H,cluster_2E3H,4,81,0.6893789370809472,0.6878281788560116,0.7279243952309936
cluster,graph+center0,2EAQ,cluster_2EAQ,4,89,0.6813091605440396,0.473363211179348,0.7450579095492869
cluster,graph+center0,2EHP,cluster_2EHP,3,248,0.7692294268104721,0.7955064126905714,0.6571371828156328
cluster,graph+center0,2EHS,cluster_1X3O,3,75,0.6518612221037882,0.6651588216721565,0.7813644403947253
cluster,graph+center0,2ERW,cluster_2ERW,3,53,0.3210619643140081,0.10587642394123083,1.0081713227286773
cluster,graph+center0,2ETX,cluster_2ETX,1,389,0.5194713182033136,0.5358191108183461,0.8675387722530994
cluster,graph+center0,2FB6,cluster_2FB6,5,116,0.7763690350251284,0.6863742001075285,0.6877152137470353
cluster,graph+center0,2FG1,cluster_2FG1,1,157,0.6166714603227539,0.5568916636391542,0.788734142372057
cluster,graph+center0,2FN9,cluster_2FN9,2,560,0.6006139535765109,0.5832205653097473,0.8021684299238947
cluster,graph+center0,2FQ3,cluster_2FQ3,2,85,0.6903424273464813,0.6932577682235684,0.7468288711619442
cluster,graph+center0,2G69,cluster_2G69,1,99,0.6368902624433119,0.6436898187495929,0.7914086585271534
cluster,graph+center0,2G7O,cluster_2G7O,2,68,0.7597102074234744,0.4642253854090499,0.7013707988733355
cluster,graph+center0,2G7S,cluster_2G7S,1,190,0.6274194702009699,0.602549057267958,0.7932013743204038
cluster,graph+center0,2GKG,cluster_2GKG,5,122,0.6978827315510906,0.5327726650420175,0.7394802275243549
cluster,graph+center0,2GOM,cluster_2GOM,4,121,0.5818875689029696,0.44360895890493407,0.8194101627680166
cluster,graph+center0,2GXG,cluster_2GXG,1,140,0.7191243843318665,0.6802155666038217,0.7147144099385602
cluster,graph+center0,2GZQ,cluster_2GZQ,5,191,0.44973842355997323,0.3704479100682726,0.9110121250244935
cluster,graph+center0,2HQK,cluster_2HQK,1,213,0.7949677921850643,0.7357723161114853,0.6728914236654443
cluster,graph+center0,2HYK,cluster_2HYK,1,237,0.6065776008755442,0.5765954709573734,0.7982066604994424
cluster,graph+center0,2I24,cluster_2I24,4,113,0.5101897486370307,0.45971853726810175,0.8622202575137901
cluster,graph+center0,2I49,cluster_2I49,3,398,0.6783987223359562,0.6781677396343632,0.7477458038213354
cluster,graph+center0,2IBL,cluster_2IBL,2,108,0.6552435002560271,0.6720382601467803,0.8632339544386022
cluster,graph+center0,2IGD,cluster_2IGD,1,61,0.5097251065423449,0.5150056851531987,0.8630020231760978
cluster,graph+center0,2IMF,cluster_2IMF,3,203,0.6295497640855634,0.6245559724865402,0.7786424152249534
cluster,graph+center0,2IP6,cluster_2IP6,5,87,0.617966041129974,0.4050522172470013,0.7919907840585737
cluster,graph+center0,2IVY,cluster_2IVY,3,88,0.4860581876609735,0.4172592185284188,0.8793329405132522
cluster,graph+center0,2J32,cluster_2J32,4,244,0.8152019173664565,0.712202603048699,0.5995236600843091
cluster,graph+center0,2J9W,cluster_2J9W,1,200,0.6951248401301655,0.6745369165624682,0.7332758269190118
cluster,graph+center0,2JKU,cluster_2JKU,1,35,0.6153979504321427,0.3928846567516933,0.8629147999345271
cluster,graph+center0,2JLI,cluster_2JLI,4,100,0.6113451396084051,0.5123179905898412,0.7933789176226858
cluster,graph+center0,2JLJ,cluster_2JLI,4,115,0.7462681838904078,0.6124127809497862,0.6788160440666328
cluster,graph+center0,2MCM,cluster_1NOA,4,112,0.7613877160598996,0.7110998165730245,0.6971938982932397
cluster,graph+center0,2NLS,cluster_2NLS,2,36,0.41700831536998606,0.355984555984556,0.9092260820296313
cluster,graph+center0,2NR7,cluster_2NR7,4,194,0.8282731599033963,0.7316907409985245,0.5979959654075585
cluster,graph+center0,2NUH,cluster_1KR4,3,104,0.6565617350120408,0.5684610338031985,0.7647483896282532
cluster,graph+center0,2O6X,cluster_2O6X,2,306,0.78141690667963,0.7928952027820299,0.6353868900771976
cluster,graph+center0,2OA2,cluster_2OA2,4,132,0.48076261728200875,0.3877072629141648,0.8847643991088621
cluster,graph+center0,2OCT,cluster_2OCT,4,192,0.5506417432496306,0.556787133358073,0.8541726846840754
cluster,graph+center0,2OHW,cluster_2OHW,4,256,0.5972218201712229,0.6560916290371209,0.813798393077191
cluster,graph+center0,2OKT,cluster_2OKT,5,342,0.37111698742996657,0.3718642282350669,0.9676181172863022
cluster,graph+center0,2OL9,cluster_2OL9,1,6,0.8206685627355184,0.5428571428571429,0.5889213841025278
cluster,graph+center0,2OLX,cluster_2OLX,3,4,0.8493294413214585,0.6000000000000001,0.7770051232209404
cluster,graph+center0,2PKT,cluster_2PKT,1,91,-0.022524738339632335,0.047262403922825,1.1237038548398288
cluster,graph+center0,2PLT,cluster_2PLT,2,98,0.46507560091698935,0.5273959502300394,0.8949528434870548
cluster,graph+center0,2PMR,cluster_2PMR,4,76,0.6302748346360244,0.7330380457013845,0.7880138252003744
cluster,graph+center0,2POF,cluster_2POF,4,440,0.667563777633376,0.7012041381704611,0.7470413972018601
cluster,graph+center0,2PPN,cluster_2PPN,5,107,0.6336204638821858,0.7239249381307236,0.7904015700678454
cluster,graph+center0,2PSF,cluster_2PSF,4,608,0.5050097156513399,0.47335126275687767,0.8689919978532429
cluster,graph+center0,2PTH,cluster_2PTH,3,193,0.7304726290233626,0.7955040256281242,0.7019053862321826
cluster,graph+center0,2Q4N,cluster_2Q4N,2,153,0.6602179050494696,0.5690476809331609,0.7581848265095988
cluster,graph+center0,2Q52,cluster_1WBE,3,412,0.754831151728077,0.739231630321476,0.6786730297818814
cluster,graph+center0,2QJL,cluster_2QJL,5,99,0.6070716126735543,0.675743454868344,0.8076491215014097
cluster,graph+center0,2R16,cluster_2R16,1,175,0.5510035284214955,0.43140991271642415,0.844581245534476
cluster,graph+center0,2R6Q,cluster_2R6Q,3,138,0.5490965494784609,0.4171594525950282,0.844408080926583
cluster,graph+center0,2RB8,cluster_2RB8,4,93,0.6481243383902812,0.53034321469369,0.7647521129788788
cluster,graph+center0,2RE2,cluster_2RE2,2,238,0.6719389035094562,0.4605964739806245,0.7419320231928247
cluster,graph+center0,2RFR,cluster_2RFR,2,154,0.6838722760758182,0.457693656861557,0.7306906413773652
cluster,graph+center0,2V9V,cluster_2V9V,1,135,0.5401275530863029,0.45708982990346625,0.842930117898153
cluster,graph+center0,2VE8,cluster_2VE8,1,515,0.7167684892953381,0.6257830004975865,0.7044080613296616
cluster,graph+center0,2VH7,cluster_2VH7,5,94,0.723818558410337,0.7292286797655436,0.7030655541929742
cluster,graph+center0,2VIM,cluster_2VIM,5,104,0.3817594433047877,0.38571409522921213,0.9335214190639219
cluster,graph+center0,2VPA,cluster_2VPA,2,204,0.759880569554506,0.7640932420845055,0.7562111240567418
cluster,graph+center0,2VQ4,cluster_2VQ4,4,106,0.6842691955700999,0.77120810994974,0.7302807670192181
cluster,graph+center0,2VY8,cluster_2VY8,5,149,0.752325480408876,0.7638485922427186,0.6702012362129417
cluster,graph+center0,2VYO,cluster_2C71,5,206,0.6918366928004128,0.7220839176163842,0.7357777665917198
cluster,graph+center0,2W1V,cluster_2W1V,5,548,0.6885859634064115,0.7527441124134068,0.7365668008026862
cluster,graph+center0,2W2A,cluster_2W2A,3,350,0.633274097457892,0.679646518296219,0.7747285456231123
cluster,graph+center0,2W6A,cluster_2W6A,3,117,0.7931549359951509,0.49216589874186395,0.6273651291970453
cluster,graph+center0,2WJ5,cluster_2WJ5,2,96,0.5110079535280796,0.5322408894391828,0.9127127621426654
cluster,graph+center0,2WUJ,cluster_2WUJ,1,100,0.4844386708887811,0.23601101717206888,0.8778026713933071
cluster,graph+center0,2WW7,cluster_2WW7,3,150,0.47206767726398013,0.5319245396267913,0.9590499665656922
cluster,graph+center0,2WWE,cluster_2WWE,4,111,0.5527262103708785,0.49631439946294426,0.8347549913733197
cluster,graph+center0,2X1Q,cluster_2X1Q,5,240,0.46392774012979165,0.39234431909425244,0.9008980643690616
cluster,graph+center0,2X25,cluster_2X25,2,168,0.6359718655592055,0.7012052721241759,0.7862521533570579
cluster,graph+center0,2X3M,cluster_2X3M,3,166,0.7201539544839896,0.6030932129006674,0.7305783659894171
cluster,graph+center0,2X5Y,cluster_2X5Y,4,171,0.7250148176535719,0.6970552429867835,0.7071509714832501
cluster,graph+center0,2X9Z,cluster_2X9Z,5,262,0.5779239302842903,0.5979787775743955,0.8166416868860098
cluster,graph+center0,2XHF,cluster_2XHF,5,310,0.5905328126864717,0.6413230500977121,0.808024751914696
cluster,graph+center0,2Y0T,cluster_2Y0T,3,101,0.7849858506313568,0.7475399907783052,0.639735931344069
cluster,graph+center0,2Y72,cluster_2Y72,5,170,0.7352659261555933,0.7012626489884976,0.6985578737447187
cluster,graph+center0,2Y7L,cluster_2Y7L,4,319,0.7210690763522315,0.6849588371684184,0.7054728508761852
cluster,graph+center0,2Y9F,cluster_2Y9F,4,149,0.7659448103431522,0.8542546032482906,0.6457936282931759
cluster,graph+center0,2YLB,cluster_2YLB,2,400,0.7432257833753876,0.7933796528164665,0.6701205918857873
cluster,graph+center0,2YNY,cluster_2YNY,1,315,0.6988230407096897,0.6958250775701167,0.7404778001927073
cluster,graph+center0,2ZCM,cluster_2ZCM,1,357,0.4415865321191785,0.36737626811308455,0.8991430398134626
cluster,graph+center0,2ZU1,cluster_2ZU1,2,360,0.7037146265386691,0.7592946952029771,0.7129639582032681
cluster,graph+center0,3A0M,cluster_3A0M,1,148,0.6591627942093643,0.5239815721652051,0.7900226061572293
cluster,graph+center0,3A7L,cluster_3A7L,4,128,0.6913967170582531,0.5894380242034499,0.7361176573895027
cluster,graph+center0,3AMC,cluster_3AMC,2,614,0.71547635494528,0.7651691337458227,0.7280321115685338
cluster,graph+center0,3AUB,cluster_3AUB,1,116,0.6006873238526779,0.6615614093500737,0.8038233973922694
cluster,graph+center0,3B5O,cluster_3B5O,1,230,0.6115164846746578,0.596198670426248,0.7924744666627781
cluster,graph+center0,3BA1,cluster_3BA1,4,312,0.6619164290666677,0.569214773174274,0.7506664499478923
cluster,graph+center0,3BED,cluster_3BED,1,261,0.8080926026577299,0.8255205384943053,0.6152346203869311
cluster,graph+center0,3BQX,cluster_3BQX,4,139,0.4767187982287528,0.48231654935075147,0.9033682335851657
cluster,graph+center0,3BZQ,cluster_3BZQ,3,99,0.5646298870158938,0.5485129778272969,0.8279163739011139
cluster,graph+center0,3BZZ,cluster_3BZZ,5,100,0.45246438768550046,0.42009283132523206,0.9156112636313168
cluster,graph+center0,3DRF,cluster_3DRF,4,547,0.5469404875291365,0.5489014677910984,0.837901630135536
cluster,graph+center0,3DWV,cluster_3DWV,2,325,0.613393083108161,0.7037959744904798,0.7964409350383314
cluster,graph+center0,3E5T,cluster_2HQK,1,228,0.5140515353648385,0.4364013006349835,0.8611095064566706
cluster,graph+center0,3E7R,cluster_3E7R,4,40,0.6729108529599381,0.7459773963257107,0.7923450606837715
cluster,graph+center0,3EUR,cluster_3EUR,3,140,0.41590838455982865,0.3905494558444177,0.9213271822887004
cluster,graph+center0,3F2Z,cluster_3F2Z,3,149,0.7908824600066201,0.7488114178545406,0.6337759017552249
cluster,graph+center0,3F7E,cluster_3F7E,3,254,0.7497238216243732,0.8039657759305763,0.6720729873326746
cluster,graph+center0,3FCN,cluster_3FCN,1,158,0.6302235727696974,0.5474964783212866,0.7788174985684446
cluster,graph+center0,3FE7,cluster_3FE7,3,91,0.4781512894738116,0.5130177538718482,0.8791923831980318
cluster,graph+center0,3FKE,cluster_3FKE,5,250,0.5246134947142939,0.5146780727730027,0.8602935387309005
cluster,graph+center0,3FMY,cluster_3FMY,2,66,0.6290328538964436,0.6413034403534911,0.7827635327469463
cluster,graph+center0,3FOD,cluster_3FOD,1,48,0.3931459908279443,0.4453129247183296,0.971928655094637
cluster,graph+center0,3FSO,cluster_3FSO,2,221,0.8110879426850768,0.5896589524559074,0.6065537846792011
cluster,graph+center0,3FTD,cluster_3FTD,1,240,0.7049757950191576,0.6710326430452197,0.7264226486923487
cluster,graph+center0,3FVA,cluster_3FVA,1,6,0.8229316039687998,0.8451542547285165,0.6725279302836188
cluster,graph+center0,3G1S,cluster_3G1S,1,418,0.6290680497695146,0.6902446859043264,0.7829479377494426
cluster,graph+center0,3GBW,cluster_3GBW,4,161,0.7590675982886456,0.8404066342517315,0.6751886270032396
cluster,graph+center0,3GHJ,cluster_3GHJ,5,116,0.5695508350580725,0.5283609286200907,0.8247790772493164
cluster,graph+center0,3HFO,cluster_3HFO,4,197,0.648932059729191,0.6757836305547953,0.7671026382844633
cluster,graph+center0,3HHP,cluster_3HHP,5,1234,0.7533904423067941,0.795087980289337,0.6690626847591521
cluster,graph+center0,3HNY,cluster_3HNY,5,156,0.7182698321236227,0.7292837240035844,0.7007439290166049
cluster,graph+center0,3HP4,cluster_3HP4,4,183,0.5263578613780118,0.44960614160328455,0.8556102491555664
cluster,graph+center0,3HWU,cluster_3HWU,2,144,0.7445881493880291,0.7296649636855288,0.6706139343878754
cluster,graph+center0,3HYD,cluster_3HYD,5,7,0.8556372719532768,0.6071428571428572,0.644222197602957
cluster,graph+center0,3HZ8,cluster_3HZ8,2,192,0.48085107175163555,0.46205877803773754,0.890313844387656
cluster,graph+center0,3I2V,cluster_3I2V,3,124,0.424186581615624,0.437208102026612,0.9352295144122225
cluster,graph+center0,3I2Z,cluster_3I2Z,5,138,0.569370529321963,0.5890158715033513,0.829509008085026
cluster,graph+center0,3I4O,cluster_3I4O,1,135,0.7574935507740637,0.7160718141486401,0.6555175572407225
cluster,graph+center0,3I7M,cluster_3I7M,2,134,0.6283940273546307,0.5538680612806401,0.7795266420083196
cluster,graph+center0,3IHS,cluster_1OPD,2,169,0.5943857486422262,0.5003667174823494,0.8091067197379133
cluster,graph+center0,3IVV,cluster_3IVV,4,149,0.7805213815246074,0.7596974031499364,0.6344832900325669
cluster,graph+center0,3K6Y,cluster_3K6Y,2,227,0.6049257565536554,0.6131176847069066,0.8021745447851026
cluster,graph+center0,3KBE,cluster_3KBE,5,140,0.6922911118662515,0.6743609872725235,0.7218070961848735
cluster,graph+center0,3KGK,cluster_3KGK,2,190,0.776538527304305,0.765078055686906,0.6380874221962697
cluster,graph+center0,3KZD,cluster_3KZD,3,85,0.6185277244187007,0.6733146372241442,0.7928560007992969
cluster,graph+center0,3L41,cluster_2ETX,1,220,0.6846746729301041,0.6618954923132416,0.7317247139018792
cluster,graph+center0,3LAA,cluster_3LAA,3,169,0.6176275108711882,0.5265737686842288,0.8653910258967855
cluster,graph+center0,3LAX,cluster_3LAX,3,106,0.7371271053587732,0.7157924966259518,0.6912940659638735
cluster,graph+center0,3LG3,cluster_3LG3,4,833,0.6188972431846,0.6187289934460285,0.8193655862617094
cluster,graph+center0,3LJI,cluster_3LJI,5,272,0.5892046078999903,0.5274447689936146,0.8094461363238205
cluster,graph+center0,3M3P,cluster_3M3P,1,249,0.630744083053976,0.639683648959373,0.7761392580619558
cluster,graph+center0,3M8J,cluster_3M8J,1,178,0.6961719536215675,0.7394967460251124,0.7209666071598193
cluster,graph+center0,3M9J,cluster_3M9J,3,210,0.5147966044692533,0.5260279191324609,0.8605905331351095
cluster,graph+center0,3M9Q,cluster_3M9Q,2,176,0.44804653646595527,0.5231283805987612,0.9508961072264264
cluster,graph+center0,3MAB,cluster_1OPD,2,173,0.6319149152759644,0.5615251480660579,0.7756411390713782
cluster,graph+center0,3MD4,cluster_3MD4,2,12,0.6863317454892477,0.9071817764981585,0.758854408161764
cluster,graph+center0,3MD5,cluster_3MD5,5,12,0.5736681425606744,0.6503496503496504,0.9606300772417727
cluster,graph+center0,3MEA,cluster_3MEA,2,166,0.658634068491442,0.7306394700753986,0.7666001024278198
cluster,graph+center0,3MGN,cluster_3MGN,2,348,0.16096217653273873,0.22874278470525294,1.1879107265261817
cluster,graph+center0,3MRE,cluster_3MRE,5,383,0.6766891221430152,0.7448565643610808,0.7481706171668339
cluster,graph+center0,3N11,cluster_3N11,1,325,0.5556974800997815,0.6128753276467467,0.8378984059864437
cluster,graph+center0,3NE0,cluster_3NE0,1,208,0.6929706737862225,0.7057054234302071,0.7290869337368068
cluster,graph+center0,3NGG,cluster_3NGG,1,94,0.7296287982002253,0.6167150721908752,0.7158164218245442
cluster,graph+center0,3NPV,cluster_3NPV,5,495,0.590403463165871,0.5616056789558774,0.8119664472176198
cluster,graph+center0,3NVG,cluster_3NVG,2,6,0.652323793936562,0.5428571428571429,0.8070568835865904
cluster,graph+center0,3NZL,cluster_3NZL,5,73,0.5695721975436663,0.5929297067444241,0.8228536367544195
cluster,graph+center0,3O0P,cluster_3O0P,5,194,0.7272111900795749,0.7193515754266253,0.6869154269024409
cluster,graph+center0,3O5P,cluster_3O5P,5,128,0.714657632219381,0.6560151533786216,0.7056017592153627
cluster,graph+center0,3OBQ,cluster_3OBQ,2,150,0.6352746344670409,0.3895056109515073,0.7768166164340471
cluster,graph+center0,3OQY,cluster_3OQY,3,234,0.6454190444006843,0.6009306764573591,0.7781364846778385
cluster,graph+center0,3P6J,cluster_3P6J,3,125,0.8026746190611986,0.7732367019298154,0.6145372910825174
cluster,graph+center0,3PD7,cluster_3PD7,5,188,0.6944140990067238,0.7534589968674317,0.7236508379745952
cluster,graph+center0,3PES,cluster_3PES,3,165,0.6309200892786925,0.5758901380293346,0.7928027732802068
cluster,graph+center0,3PID,cluster_3PID,4,387,0.5423181813795325,0.49555686162985213,0.8515932120571482
cluster,graph+center0,3PIW,cluster_3PIW,5,154,0.7510322228126103,0.7269111406624389,0.6841204822696586
cluster,graph+center0,3PKV,cluster_3PKV,3,221,0.548802364193584,0.6076725566537464,0.836720660209315
cluster,graph+center0,3PSM,cluster_3PSM,4,94,0.8057677200811654,0.881080534434852,0.6131150528150789
cluster,graph+center0,3PTL,cluster_3PTL,4,289,0.5240131303027549,0.6239326607558769,0.8846176687925512
cluster,graph+center0,3PVE,cluster_3PVE,1,347,0.6860932926898498,0.7139753952420436,0.7369460810377777
cluster,graph+center0,3PZ9,cluster_3PZ9,4,357,0.6959047448500976,0.702325774299956,0.7269091451907088
cluster,graph+center0,3PZZ,cluster_3PZZ,2,12,0.9594757551634526,0.8181818181818183,0.5052315316318167
cluster,graph+center0,3Q2X,cluster_3Q2X,4,6,0.9155403291734456,0.6571428571428573,0.4413215225139401
cluster,graph+center0,3Q6L,cluster_3Q6L,2,131,0.6008155100526669,0.5716623116253792,0.803506602124242
cluster,graph+center0,3QDS,cluster_3QDS,1,284,0.7257400671059582,0.7275658182787156,0.7218294942967037
cluster,graph+center0,3QPA,cluster_3QPA,5,197,0.46134282984384567,0.6905390977254524,0.9127461902226415
cluster,graph+center0,3R6D,cluster_3R6D,4,221,0.6732889932717117,0.7542653180283974,0.7446857061310317
cluster,graph+center0,3R87,cluster_3R87,5,132,0.40012052382518426,0.33551263622757693,0.9226512902912178
cluster,graph+center0,3RQ9,cluster_3RQ9,1,162,0.4966193059619214,0.5753683916742786,0.9366210882123389
cluster,graph+center0,3RY0,cluster_3RY0,1,128,0.6008961000734453,0.5989027260232124,0.8070132066860307
cluster,graph+center0,3RZY,cluster_3Q6L,2,139,0.6981088991245867,0.6162872666141656,0.7286203212361173
cluster,graph+center0,3S0A,cluster_3S0A,2,119,0.5232121219181984,0.5299354076149736,0.8569945265348944
cluster,graph+center0,3SD2,cluster_3SD2,1,86,0.4523176627834045,0.534851687134007,0.9000063168809215
cluster,graph+center0,3SEB,cluster_3SEB,3,238,0.6468096467061212,0.762074355500519,0.7682581615004397
cluster,graph+center0,3SED,cluster_3SED,2,124,0.6715521278073058,0.6501955169006665,0.7744371972787087
cluster,graph+center0,3SO6,cluster_3SO6,1,150,0.6842835916957783,0.6579539211965738,0.7377181777192592
cluster,graph+center0,3SR3,cluster_3SR3,5,637,0.5728188974264529,0.5840118057693561,0.825114467825554
cluster,graph+center0,3SUK,cluster_3SUK,2,248,0.6478402286090605,0.6509982776286685,0.7715452888934696
cluster,graph+center0,3SZH,cluster_3SZH,2,697,0.767122191005068,0.7662283365451794,0.6466229265082547
cluster,graph+center0,3T0H,cluster_3T0H,5,208,0.7515791474142242,0.7953188962900285,0.6694519580125199
cluster,graph+center0,3T3K,cluster_3T3K,3,122,0.7564652799797575,0.8117859132812887,0.6718858470085546
cluster,graph+center0,3T47,cluster_3T47,4,141,0.5153482735557732,0.5090640552547135,0.8674214379428218
cluster,graph+center0,3TDN,cluster_3TDN,3,357,0.4880810225113135,0.5026605722726845,0.8780767585310646
cluster,graph+center0,3TOW,cluster_3TOW,1,152,0.5691944550920908,0.6970420288544853,0.8303715301232847
cluster,graph+center0,3TUA,cluster_3TUA,2,210,0.6449324698083926,0.7777201146596324,0.7747153704270919
cluster,graph+center0,3TYS,cluster_3TYS,3,75,0.7082678986750677,0.6680844407950042,0.7596202377390077
cluster,graph+center0,3U6G,cluster_3U6G,4,248,0.6233549336951112,0.6062983468737043,0.7841586991938952
cluster,graph+center0,3U97,cluster_3U97,5,77,0.7091322350104144,0.6774104502721295,0.7117006645652365
cluster,graph+center0,3UCI,cluster_3UCI,3,72,0.5403925728642155,0.4896456363753297,0.8728304672385981
cluster,graph+center0,3UR8,cluster_3UR8,4,637,0.6954034508875688,0.6553999766577357,0.7229381414469375
cluster,graph+center0,3US6,cluster_3US6,5,148,0.6150904141640903,0.5167897532856763,0.8031287214470719
cluster,graph+center0,3V1A,cluster_3V1A,5,48,0.36395445771177926,0.4455542312654419,0.9399089299386769
cluster,graph+center0,3V75,cluster_3V75,2,285,0.5618220621861709,0.5255712361804434,0.8342625678573753
cluster,graph+center0,3VN0,cluster_3VN0,1,193,0.8115202264500162,0.6359754586125942,0.6406701216406425
cluster,graph+center0,3VOR,cluster_3VOR,5,182,0.5467020654132658,0.545304434971969,0.8505219878511073
cluster,graph+center0,3VUB,cluster_3VUB,3,101,0.5928838738573924,0.6291591680896927,0.816442497654697
cluster,graph+center0,3VVV,cluster_3VVV,1,108,0.7171493863627094,0.5659655649982249,0.7221914396291604
cluster,graph+center0,3VZ9,cluster_3VZ9,5,163,0.7446588890642868,0.7356677771917082,0.6735028480520371
cluster,graph+center0,3W4Q,cluster_1ES5,3,773,0.707677490372701,0.7220918349751401,0.7246973614650005
cluster,graph+center0,3ZBD,cluster_3ZBD,1,213,0.509158071565142,0.4410120958024033,0.8684261059955923
cluster,graph+center0,3ZIT,cluster_3ZIT,3,152,0.4006628849690244,0.436753073567028,0.9375868055108042
cluster,graph+center0,3ZRX,cluster_3ZRX,3,221,0.5602061115222257,0.5532262381693961,0.8284930366183313
cluster,graph+center0,3ZSL,cluster_3ZSL,2,138,0.7015861313762936,0.5843420327971011,0.7254544967722822
cluster,graph+center0,3ZZP,cluster_3ZZP,2,74,0.5129583334805,0.5331329094149808,0.858781663724027
cluster,graph+center0,3ZZY,cluster_3ZZY,3,226,0.7214429403685308,0.6118020396939294,0.6969013823862987
cluster,graph+center0,4A02,cluster_4A02,2,166,0.4845134334835505,0.621647856385769,0.885822967045404
cluster,graph+center0,4ACJ,cluster_4ACJ,1,167,0.7526767689190618,0.796122884267584,0.6873427667871815
cluster,graph+center0,4AE7,cluster_4AE7,3,186,0.7443948509565599,0.6962186194382016,0.6741445894986188
cluster,graph+center0,4AM1,cluster_4AM1,4,345,0.589428438938164,0.59495761090624,0.8082179537961077
cluster,graph+center0,4ANN,cluster_4ANN,3,176,0.5616000009339311,0.5764358287119226,0.8330865458668835
cluster,graph+center0,4AVR,cluster_4AVR,1,188,0.6356619849314653,0.7365455849266516,0.8023325499006991
cluster,graph+center0,4AXY,cluster_4AXY,4,54,0.6952958275833958,0.6407333998708503,0.7311279658795868
cluster,graph+center0,4B6G,cluster_4B6G,3,558,0.7279868777407057,0.7436920356980827,0.699459424316427
cluster,graph+center0,4B9G,cluster_4B9G,5,292,0.7958810464398435,0.784094759552275,0.6280385261273316
cluster,graph+center0,4DD5,cluster_4DD5,1,387,0.6102478790634114,0.6650956831957564,0.8011576407371149
cluster,graph+center0,4DKN,cluster_4DKN,3,423,0.719599285201535,0.7338398642608148,0.7238177469992251
cluster,graph+center0,4DND,cluster_4DND,3,95,0.7468436685341178,0.6685143775040147,0.6733300262115096
cluster,graph+center0,4DPZ,cluster_4DPZ,1,109,0.7211436506286506,0.6629907213715291,0.7020733003123434
cluster,graph+center0,4DQ7,cluster_4DQ7,3,328,0.7142647972045467,0.727067357616926,0.7097954485909481
cluster,graph+center0,4DT4,cluster_4DT4,4,160,0.7275602011840999,0.7190910502831113,0.7440127772987906
cluster,graph+center0,4EK3,cluster_4EK3,3,287,0.6774762060112476,0.6953228359168312,0.7426189682183881
cluster,graph+center0,4ERY,cluster_4ERY,2,318,0.7043907206783988,0.7569981873368066,0.7282766987900771
cluster,graph+center0,4ES1,cluster_4ES1,1,95,0.6857184238946956,0.6819595946795665,0.7694647095173829
cluster,graph+center0,4EUG,cluster_4EUG,1,225,0.5823871553248949,0.6335819999297722,0.8132170792282603
cluster,graph+center0,4F01,cluster_4F01,3,448,0.3393510230493855,0.5184384724407072,1.0020181644121364
cluster,graph+center0,4F3J,cluster_4F3J,3,143,0.5891914025109878,0.544735432745641,0.8166959154102821
cluster,graph+center0,4FR9,cluster_4FR9,2,141,0.6237951339795109,0.6260724010024509,0.7878246443660707
cluster,graph+center0,4G14,cluster_4G14,1,15,0.5541406152981542,0.475,0.8647059983443632
cluster,graph+center0,4G2E,cluster_4G2E,4,151,0.7394859855005178,0.785222261265304,0.6778844542273263
cluster,graph+center0,4G5X,cluster_4G5X,1,550,0.735875007159202,0.7369365759482235,0.6921888637942547
cluster,graph+center0,4G6C,cluster_4G6C,3,658,0.5886854218601987,0.5526632804668933,0.814747429411967
cluster,graph+center0,4G7X,cluster_4G7X,3,194,0.6130772565952952,0.5570517148213756,0.8047826231828576
cluster,graph+center0,4GA2,cluster_4GA2,5,144,0.5221740952285321,0.5516821464643319,0.8550854929588114
cluster,graph+center0,4GMQ,cluster_4GMQ,5,92,0.5968008672980901,0.5926822125980611,0.8038715073691421
cluster,graph+center0,4GS3,cluster_4GS3,3,90,0.4777193244719794,0.66165364025672,0.9587036840004192
cluster,graph+center0,4H4J,cluster_4H4J,4,236,0.8072557911957231,0.8257393336889677,0.6179489884296568
cluster,graph+center0,4H89,cluster_4H89,4,168,0.6178170410184479,0.5799102677193815,0.7874923624632955
cluster,graph+center0,4HDE,cluster_4HDE,5,168,0.7485270988496306,0.8000002531603714,0.6832729799495303
cluster,graph+center0,4HJP,cluster_4HJP,4,281,0.6761033079047853,0.7783532921542311,0.7480301141340125
cluster,graph+center0,4HWM,cluster_4HWM,4,117,0.6192195597144272,0.5894745124063067,0.7958179264467555
cluster,graph+center0,4IL7,cluster_4IL7,2,85,0.4030509424761577,0.3447659250303836,0.9338012605793107
cluster,graph+center0,4J11,cluster_4J11,5,357,0.6253384155055799,0.5097348311694743,0.787542005660471
cluster,graph+center0,4J5O,cluster_4J5O,2,220,0.7231925428251191,0.6324809346564977,0.6962824584388835
cluster,graph+center0,4J5Q,cluster_2FG1,1,146,0.7240910192767082,0.766997647820316,0.7051015781029198
cluster,graph+center0,4J78,cluster_4J78,3,305,0.623946863410527,0.7520405744373698,0.7854624645502649
cluster,graph+center0,4JG2,cluster_4JG2,2,185,0.7770307932073057,0.8063633732375317,0.6685939314793442
cluster,graph+center0,4JVU,cluster_4JVU,4,207,0.7057355396058183,0.8066957551224913,0.71961888040409
cluster,graph+center0,4JYP,cluster_4JYP,2,534,0.637289559347261,0.7000889072399392,0.773301950735575
cluster,graph+center0,4KEF,cluster_4KEF,3,133,0.4981525738310351,0.43246476171795295,0.8862678733681335
cluster,graph+center0,5CYT,cluster_1CCR,5,103,0.3612837414489472,0.31620653204625676,0.9350591930185647
cluster,graph+center0,6RXN,cluster_6RXN,1,45,0.5533104026664624,0.5376811594202897,0.8533137249889975
