protocol,left_mode,right_mode,difference,metric,n_pairs,mean_difference,ci95_low,ci95_high
cluster,graph+center0,graph,right_minus_left,pcc,364,-0.0017547952703905814,-0.004390502421277703,0.0009194212871387761
cluster,graph+center0,graph,right_minus_left,spearman,364,-0.003850571312483144,-0.007573204658721084,-0.00024357816619822585
cluster,graph+center0,graph,right_minus_left,rmse_z,364,0.003319781223524237,0.00046321041367058794,0.0063069755293549065
cluster,graph+center0,native0,right_minus_left,pcc,364,-0.015972173177410176,-0.022745607296512454,-0.009939245609069338
cluster,graph+center0,native0,right_minus_left,spearman,364,-0.009050841645417147,-0.014878426482416737,-0.0035494940452580944
cluster,graph+center0,native0,right_minus_left,rmse_z,364,0.06147077805747116,0.047528464035577915,0.07749414712404655
cluster,graph+center0,graph+native0,right_minus_left,pcc,364,0.0011690945108110565,-0.0016713910929516936,0.003891575266632916
cluster,graph+center0,graph+native0,right_minus_left,spearman,364,0.0010964179504867689,-0.0024762063320382262,0.004624814198525522
cluster,graph+center0,graph+native0,right_minus_left,rmse_z,364,0.0005978037208462471,-0.0016362065196487289,0.0029870148420309034
cluster,graph+center0,center0,right_minus_left,pcc,364,-0.062146955183004546,-0.07192919166353812,-0.053317983794005604
cluster,graph+center0,center0,right_minus_left,spearman,364,-0.049469987070047045,-0.05793315636549854,-0.041703447664659936
cluster,graph+center0,center0,right_minus_left,rmse_z,364,0.09210149503693689,0.07823134179810068,0.10718015371401733
cluster,graph+center0,graph+identity0,right_minus_left,pcc,364,0.0021617873454815536,0.0002523438658922958,0.004308649942782579
cluster,graph+center0,graph+identity0,right_minus_left,spearman,364,0.0028963209883430853,-0.00044737536657928257,0.0063933182435617405
cluster,graph+center0,graph+identity0,right_minus_left,rmse_z,364,-0.0013818371587767764,-0.0031464666297773627,0.00029402631130394065
cluster,graph+center0,graph+geometric0,right_minus_left,pcc,364,0.0033015379030983377,0.0013106819268811256,0.005180125940156817
cluster,graph+center0,graph+geometric0,right_minus_left,spearman,364,0.005696527848752442,0.0031337764548790654,0.008516190046113967
cluster,graph+center0,graph+geometric0,right_minus_left,rmse_z,364,-0.0010007389961649907,-0.0025982433747700384,0.0007396211751036065
cluster,graph,native0,right_minus_left,pcc,364,-0.014217377907019595,-0.021357400385585888,-0.007748603508270306
cluster,graph,native0,right_minus_left,spearman,364,-0.005200270332934002,-0.011195333746255892,0.00024330050666118044
cluster,graph,native0,right_minus_left,rmse_z,364,0.05815099683394693,0.04415814552960454,0.0734856387431233
cluster,graph,graph+native0,right_minus_left,pcc,364,0.0029238897812016384,0.00020408080498805344,0.005507658733472951
cluster,graph,graph+native0,right_minus_left,spearman,364,0.004946989262969913,0.00229101031216392,0.007671752844791392
cluster,graph,graph+native0,right_minus_left,rmse_z,364,-0.0027219775026779895,-0.0053430639330649034,-0.0003961227576555317
cluster,graph,center0,right_minus_left,pcc,364,-0.06039215991261395,-0.07105819123146094,-0.050529264251876045
cluster,graph,center0,right_minus_left,spearman,364,-0.045619415757563904,-0.05546123704749043,-0.03654179758432141
cluster,graph,center0,right_minus_left,rmse_z,364,0.08878171381341267,0.07475405735691881,0.10333906101502423
cluster,graph,graph+identity0,right_minus_left,pcc,364,0.0039165826158721355,0.0010674093090391342,0.00667244771989879
cluster,graph,graph+identity0,right_minus_left,spearman,364,0.00674689230082623,0.0031016214150614537,0.010501035723041785
cluster,graph,graph+identity0,right_minus_left,rmse_z,364,-0.004701618382301013,-0.007104784692730966,-0.002376737685710724
cluster,graph,graph+geometric0,right_minus_left,pcc,364,0.005056333173488919,0.0024274100580340793,0.007610378981541816
cluster,graph,graph+geometric0,right_minus_left,spearman,364,0.009547099161235586,0.005967734403868087,0.013203293670052029
cluster,graph,graph+geometric0,right_minus_left,rmse_z,364,-0.004320520219689227,-0.00687508662009436,-0.0020369044847953167
cluster,native0,graph+native0,right_minus_left,pcc,364,0.01714126768822123,0.011777117175270439,0.023036127469088154
cluster,native0,graph+native0,right_minus_left,spearman,364,0.010147259595903915,0.004833426397746839,0.015787875685217646
cluster,native0,graph+native0,right_minus_left,rmse_z,364,-0.06087297433662491,-0.07609273541133224,-0.04749802549537563
cluster,native0,center0,right_minus_left,pcc,364,-0.04617478200559436,-0.055060747603092666,-0.037446074771793285
cluster,native0,center0,right_minus_left,spearman,364,-0.04041914542462991,-0.050785059742069295,-0.03099421544505436
cluster,native0,center0,right_minus_left,rmse_z,364,0.030630716979465747,0.023422013068561898,0.037559336374917714
cluster,native0,graph+identity0,right_minus_left,pcc,364,0.01813396052289173,0.012273099504629438,0.02453809601005902
cluster,native0,graph+identity0,right_minus_left,spearman,364,0.011947162633760233,0.0059903206953422945,0.018185240299436394
cluster,native0,graph+identity0,right_minus_left,rmse_z,364,-0.06285261521624794,-0.07817825906385376,-0.049117121008279974
cluster,native0,graph+geometric0,right_minus_left,pcc,364,0.019273711080508512,0.012904418753007438,0.026214757820364247
cluster,native0,graph+geometric0,right_minus_left,spearman,364,0.014747369494169589,0.009077523574666098,0.02098319158960298
cluster,native0,graph+geometric0,right_minus_left,rmse_z,364,-0.06247151705363614,-0.07788382290914471,-0.04868345843665051
cluster,graph+native0,center0,right_minus_left,pcc,364,-0.0633160496938156,-0.07363572596128769,-0.05357609462000081
cluster,graph+native0,center0,right_minus_left,spearman,364,-0.050566405020533826,-0.05999281513486992,-0.04162309938963079
cluster,graph+native0,center0,right_minus_left,rmse_z,364,0.09150369131609065,0.07797211622215283,0.10588411336282749
cluster,graph+native0,graph+identity0,right_minus_left,pcc,364,0.0009926928346704973,-0.0017411825843413101,0.003907450907082474
cluster,graph+native0,graph+identity0,right_minus_left,spearman,364,0.0017999030378563164,-0.0014435796690409491,0.005030959442989222
cluster,graph+native0,graph+identity0,right_minus_left,rmse_z,364,-0.0019796408796230237,-0.004240396580138142,0.00022887979794279108
cluster,graph+native0,graph+geometric0,right_minus_left,pcc,364,0.0021324433922872816,-0.0007377061314428541,0.004954069304872901
cluster,graph+native0,graph+geometric0,right_minus_left,spearman,364,0.0046001098982656734,0.0015766301407873623,0.007905322127819936
cluster,graph+native0,graph+geometric0,right_minus_left,rmse_z,364,-0.0015985427170112378,-0.00392859322862482,0.0007131319996863201
cluster,center0,graph+identity0,right_minus_left,pcc,364,0.06430874252848609,0.05542000753850115,0.07433650181407823
cluster,center0,graph+identity0,right_minus_left,spearman,364,0.05236630805839013,0.043806953311062345,0.061593330333756226
cluster,center0,graph+identity0,right_minus_left,rmse_z,364,-0.09348333219571368,-0.10821369231130702,-0.0799872918651691
cluster,center0,graph+geometric0,right_minus_left,pcc,364,0.06544849308610289,0.05650193959856481,0.07566218981899536
cluster,center0,graph+geometric0,right_minus_left,spearman,364,0.05516651491879949,0.04710056800233819,0.06445774607905218
cluster,center0,graph+geometric0,right_minus_left,rmse_z,364,-0.09310223403310187,-0.10773572271347917,-0.07932664941375457
cluster,graph+identity0,graph+geometric0,right_minus_left,pcc,364,0.001139750557616784,-0.0007793305501511996,0.0031609372598825768
cluster,graph+identity0,graph+geometric0,right_minus_left,spearman,364,0.0028002068604093566,0.00016356639626856437,0.005557386711488076
cluster,graph+identity0,graph+geometric0,right_minus_left,rmse_z,364,0.0003810981626117858,-0.0010533106592085716,0.0019386589419490882
protein,graph+center0,graph,right_minus_left,pcc,364,-0.002284774988693328,-0.005037257687724951,0.00038102672195742583
protein,graph+center0,graph,right_minus_left,spearman,364,-0.006191538661602333,-0.00954945560556155,-0.0028748844774597717
protein,graph+center0,graph,right_minus_left,rmse_z,364,0.0029319624560976013,0.0005416346154099875,0.005221378066948946
protein,graph+center0,native0,right_minus_left,pcc,364,-0.015784824410921324,-0.02258409393693526,-0.009704625410444532
protein,graph+center0,native0,right_minus_left,spearman,364,-0.010265525322727394,-0.015926683338612992,-0.004887914718067799
protein,graph+center0,native0,right_minus_left,rmse_z,364,0.06171586683463481,0.04776417475770145,0.07708979670319867
protein,graph+center0,graph+native0,right_minus_left,pcc,364,0.0014098862409577294,-0.0013096808858708729,0.004034533352972965
protein,graph+center0,graph+native0,right_minus_left,spearman,364,-0.000851595742658503,-0.004011215041341375,0.0024310249972620225
protein,graph+center0,graph+native0,right_minus_left,rmse_z,364,0.0002655221307458286,-0.001912923014421394,0.0025659326361486584
protein,graph+center0,center0,right_minus_left,pcc,364,-0.06472218158107935,-0.07653401431707914,-0.05481452272644468
protein,graph+center0,center0,right_minus_left,spearman,364,-0.05360882143762701,-0.06541859477068318,-0.043349287508610675
protein,graph+center0,center0,right_minus_left,rmse_z,364,0.09151698863983747,0.07767907829380591,0.10734449777633066
protein,graph+center0,graph+identity0,right_minus_left,pcc,364,0.0009902977919598113,-0.0012518983332270605,0.0031880955667316887
protein,graph+center0,graph+identity0,right_minus_left,spearman,364,-3.930962706138683e-05,-0.00318305356123235,0.0031180691384940433
protein,graph+center0,graph+identity0,right_minus_left,rmse_z,364,-0.0008659281751969927,-0.002710262005010956,0.0009083106744169171
protein,graph+center0,graph+geometric0,right_minus_left,pcc,364,0.0017011569287956833,-0.000250025564774804,0.0035298885855915307
protein,graph+center0,graph+geometric0,right_minus_left,spearman,364,0.0016066160416656156,-0.0012225805717557233,0.004303971955115448
protein,graph+center0,graph+geometric0,right_minus_left,rmse_z,364,-0.0010452754567232482,-0.002451534006331671,0.0004861439450746902
protein,graph,native0,right_minus_left,pcc,364,-0.013500049422227997,-0.02024541008675968,-0.007355037510136957
protein,graph,native0,right_minus_left,spearman,364,-0.004073986661125063,-0.010418994726195977,0.0020130349325584397
protein,graph,native0,right_minus_left,rmse_z,364,0.058783904378537206,0.045242228253991046,0.07410749162362118
protein,graph,graph+native0,right_minus_left,pcc,364,0.0036946612296510574,0.0013422685976633615,0.006066094637172379
protein,graph,graph+native0,right_minus_left,spearman,364,0.005339942918943829,0.0025330175411197196,0.008129216311508274
protein,graph,graph+native0,right_minus_left,rmse_z,364,-0.0026664403253517733,-0.00461414865151072,-0.0007253995672056314
protein,graph,center0,right_minus_left,pcc,364,-0.06243740659238602,-0.07464768403898918,-0.052660938203182316
protein,graph,center0,right_minus_left,spearman,364,-0.047417282776024694,-0.059612891051130414,-0.036748044654196226
protein,graph,center0,right_minus_left,rmse_z,364,0.08858502618373987,0.07480455785087856,0.10395188763754876
protein,graph,graph+identity0,right_minus_left,pcc,364,0.003275072780653139,0.0006363566463266744,0.00578682257393144
protein,graph,graph+identity0,right_minus_left,spearman,364,0.006152229034540946,0.002851835530744545,0.009424572158240063
protein,graph,graph+identity0,right_minus_left,rmse_z,364,-0.0037978906312945947,-0.0062965650300291845,-0.0014199000484575936
protein,graph,graph+geometric0,right_minus_left,pcc,364,0.003985931917489012,0.0012814878823330478,0.006506977517459494
protein,graph,graph+geometric0,right_minus_left,spearman,364,0.007798154703267948,0.004189044022686157,0.011317013668705442
protein,graph,graph+geometric0,right_minus_left,rmse_z,364,-0.003977237912820851,-0.0061659480017909754,-0.0015827218640478396
protein,native0,graph+native0,right_minus_left,pcc,364,0.017194710651879053,0.01151058136922524,0.023342856505719874
protein,native0,graph+native0,right_minus_left,spearman,364,0.009413929580068892,0.0037614607573626503,0.01521522956895167
protein,native0,graph+native0,right_minus_left,rmse_z,364,-0.06145034470388897,-0.07636625858467873,-0.04819805986029384
protein,native0,center0,right_minus_left,pcc,364,-0.04893735717015803,-0.060175193919504044,-0.03926465977372126
protein,native0,center0,right_minus_left,spearman,364,-0.04334329611489963,-0.0562802879746832,-0.03240713827051084
protein,native0,center0,right_minus_left,rmse_z,364,0.029801121805202658,0.02228179391050166,0.03705824154396932
protein,native0,graph+identity0,right_minus_left,pcc,364,0.016775122202881135,0.010516122217857174,0.02347197270864784
protein,native0,graph+identity0,right_minus_left,spearman,364,0.010226215695666008,0.004239595800367043,0.016384008092812322
protein,native0,graph+identity0,right_minus_left,rmse_z,364,-0.0625817950098318,-0.07819931362307503,-0.049100065089814605
protein,native0,graph+geometric0,right_minus_left,pcc,364,0.017485981339717006,0.011007680224440215,0.0240474998010547
protein,native0,graph+geometric0,right_minus_left,spearman,364,0.01187214136439301,0.005395294617979606,0.018238594517084376
protein,native0,graph+geometric0,right_minus_left,rmse_z,364,-0.06276114229135805,-0.07781379162992703,-0.04911530783585489
protein,graph+native0,center0,right_minus_left,pcc,364,-0.06613206782203708,-0.07875067348081147,-0.055517015419232624
protein,graph+native0,center0,right_minus_left,spearman,364,-0.052757225694968525,-0.06525175561285548,-0.041886726500935556
protein,graph+native0,center0,right_minus_left,rmse_z,364,0.09125146650909162,0.07760059328259063,0.10636653531634344
protein,graph+native0,graph+identity0,right_minus_left,pcc,364,-0.0004195884489979182,-0.0029338066543015593,0.002216453283696321
protein,graph+native0,graph+identity0,right_minus_left,spearman,364,0.0008122861155971164,-0.001969385342744317,0.0033916738913751586
protein,graph+native0,graph+identity0,right_minus_left,rmse_z,364,-0.0011314503059428212,-0.003597307476657518,0.001277440596820775
protein,graph+native0,graph+geometric0,right_minus_left,pcc,364,0.00029127068783795423,-0.0025344563966756112,0.0030583740170416116
protein,graph+native0,graph+geometric0,right_minus_left,spearman,364,0.0024582117843241187,-0.0011993640214266964,0.005859229158383205
protein,graph+native0,graph+geometric0,right_minus_left,rmse_z,364,-0.0013107975874690771,-0.003599880426378705,0.001008829360360948
protein,center0,graph+identity0,right_minus_left,pcc,364,0.06571247937303917,0.05567451240067143,0.07782405543059395
protein,center0,graph+identity0,right_minus_left,spearman,364,0.053569511810565636,0.043379137453663286,0.06596026362917026
protein,center0,graph+identity0,right_minus_left,rmse_z,364,-0.09238291681503447,-0.10807655932244205,-0.07850368433183566
protein,center0,graph+geometric0,right_minus_left,pcc,364,0.06642333850987504,0.056461780963680305,0.078525876754598
protein,center0,graph+geometric0,right_minus_left,spearman,364,0.05521543747929263,0.04491962713804655,0.0673408194371997
protein,center0,graph+geometric0,right_minus_left,rmse_z,364,-0.09256226409656074,-0.10804583428835254,-0.07867541369203937
protein,graph+identity0,graph+geometric0,right_minus_left,pcc,364,0.0007108591368358724,-0.0016280548493625778,0.00297608090189002
protein,graph+identity0,graph+geometric0,right_minus_left,spearman,364,0.0016459256687270025,-0.001128069513955186,0.004287205413450494
protein,graph+identity0,graph+geometric0,right_minus_left,rmse_z,364,-0.0001793472815262558,-0.0021947229136327086,0.001938076429753189
